content,translated,likes,workId,sentiment,country,platform,postTime
More nationalistic types will probably embrace the movie as a way to reinvigorate patriotic sentiments. But don’t be surprised if...,More nationalistic types will probably embrace the movie as a way to reinvigorate patriotic sentiments. But don’t be surprised if...,31,2,消极,加拿大,烂番茄,2023-07-11
It's an over-the-top sci-fi spectacle that doesn't lose sight of the human stories in this saga about trying to avert an outer-space disaster. In oth,It's an over-the-top sci-fi spectacle that doesn't lose sight of the human stories in this saga about trying to avert an outer-space disaster. In oth,7,2,消极,英国,烂番茄,2023-03-03
"At nearly three hours, director Frant Gwo is leaning on a lot for us to care about the variety of characters involved, yet I was into it. The increas","At nearly three hours, director Frant Gwo is leaning on a lot for us to care about the variety of characters involved, yet I was into it. The increas",28,2,消极,新加坡,烂番茄,2023-02-02
"The movie comes off as China's answer to the blockbuster sci-fi epic, and, just like many of these types of movies made in the United States, there's","The movie comes off as China's answer to the blockbuster sci-fi epic, and, just like many of these types of movies made in the United States, there's",19,2,积极,美国,烂番茄,2023-02-01
"In sci-fi terms, The Wandering Earth II feels less obviously derivative of Hollywood forerunners than its predecessor, raising a number of intriguing","In sci-fi terms, The Wandering Earth II feels less obviously derivative of Hollywood forerunners than its predecessor, raising a number of intriguing",33,2,消极,马来西亚,烂番茄,2023-02-01
"Continuing the elaborate ticking timebomb set-up, the movie feels brisk even at nearly three hours. And it's packed with impressively enormous effect","Continuing the elaborate ticking timebomb set-up, the movie feels brisk even at nearly three hours. And it's packed with impressively enormous effect",11,2,中立,新加坡,烂番茄,2023-01-30
"Follows the “rules” of the Hollywood blockbuster. It doesn’t stand up to any kind of scrutiny, logic is thrown out of the window, but it is almost co","Follows the “rules” of the Hollywood blockbuster. It doesn’t stand up to any kind of scrutiny, logic is thrown out of the window, but it is almost co",38,2,消极,马来西亚,烂番茄,2023-01-29
"Even at its best, though, one still has to contend with an avalanche of bad English-language dialogue... and the non-sentient, CCP-engineered biologi","Even at its best, though, one still has to contend with an avalanche of bad English-language dialogue... and the non-sentient, CCP-engineered biologi",11,2,消极,新加坡,烂番茄,2023-01-28
There is so much to visually enjoy when these [actio] scenes come to life that it reminds audiences why The Wandering Earth was a genre-defining sci-,There is so much to visually enjoy when these [actio] scenes come to life that it reminds audiences why The Wandering Earth was a genre-defining sci-,7,2,消极,美国,烂番茄,2023-01-25
A sturdy prequel.,A sturdy prequel.,27,2,中立,新西兰,烂番茄,2023-01-25
"Director Frant Gwo stages showpiece after showpiece with remarkable confidence. The filmmaking style is fluid, involving, with visual effects on a le","Director Frant Gwo stages showpiece after showpiece with remarkable confidence. The filmmaking style is fluid, involving, with visual effects on a le",15,2,消极,美国,烂番茄,2023-01-23
"If you’re a fan of the first movie, this one is a must-see as it continues to deliver high-octane thrills while still maintaining a palpable emotiona","If you’re a fan of the first movie, this one is a must-see as it continues to deliver high-octane thrills while still maintaining a palpable emotiona",11,2,消极,牙买加,烂番茄,2023-01-23
"Losing all of the glee of its predecessor, the movie... offers nearly three hours of convoluted story lines, undercooked themes and a tangle of confu","Losing all of the glee of its predecessor, the movie... offers nearly three hours of convoluted story lines, undercooked themes and a tangle of confu",31,2,消极,美国,烂番茄,2023-01-23
"One of the most exhilarating, thrilling and crowd-pleasing action adventures since RRR!","One of the most exhilarating, thrilling and crowd-pleasing action adventures since RRR!",28,2,消极,牙买加,烂番茄,2023-01-22
"There is certainly much to admire about this ambitious homegrown sci-fi saga, even if it feels rather protracted with the running time clocking in 45","There is certainly much to admire about this ambitious homegrown sci-fi saga, even if it feels rather protracted with the running time clocking in 45",3,2,消极,新西兰,烂番茄,2023-01-22
"A visually spectacular, though melodramatic sci-fi disaster-action drama","A visually spectacular, though melodramatic sci-fi disaster-action drama",21,2,消极,美国,烂番茄,2023-01-21
"Entertaining enough in its action, Frant Gwo’s successor to The Wandering Earth is a bombastic, high-octane fight for survival that broadly examines ","Entertaining enough in its action, Frant Gwo’s successor to The Wandering Earth is a bombastic, high-octane fight for survival that broadly examines ",25,2,消极,爱尔兰,烂番茄,2023-01-21
"It's a drag, a Long March of a disaster epic that isn't too much of a good thing. It's just too much.","It's a drag, a Long March of a disaster epic that isn't too much of a good thing. It's just too much.",40,2,消极,加拿大,烂番茄,2023-01-21
"While its nearly three hour running time is a detriment to keeping momentum going, The Wandering Earth II is a marked improvement over what came befo","While its nearly three hour running time is a detriment to keeping momentum going, The Wandering Earth II is a marked improvement over what came befo",11,2,消极,加拿大,烂番茄,2023-01-20
"It is this combination of maximalism, nationalism, fatalism, and two-dimensional characterization that makes this one of the most enjoyable current f","It is this combination of maximalism, nationalism, fatalism, and two-dimensional characterization that makes this one of the most enjoyable current f",22,2,消极,新加坡,烂番茄,2023-01-19
Couldn't understand WTF was going on! Turned it off by the 30 minute mark. Storyline was all OVER the place. Don't waste your time.,Couldn't understand WTF was going on! Turned it off by the 30 minute mark. Storyline was all OVER the place. Don't waste your time.,16,2,消极,新加坡,烂番茄,2023-07-07
The best CGI I've ever seen on top of an epic sci-fi thriller. Easily now in my top 3 favorite movies.,The best CGI I've ever seen on top of an epic sci-fi thriller. Easily now in my top 3 favorite movies.,5,2,中立,新西兰,烂番茄,2023-07-01
"They spent some money on this one. The special effects look great. Unfortunately, the movie is way too long, the acting is sub-par, the dialogue is l","They spent some money on this one. The special effects look great. Unfortunately, the movie is way too long, the acting is sub-par, the dialogue is l",20,2,消极,牙买加,烂番茄,2023-06-26
Very good! It raise Chinese sci-fi movie industry into a higher level.,Very good! It raise Chinese sci-fi movie industry into a higher level.,24,2,消极,马来西亚,烂番茄,2023-06-08
"The giant progress of science fiction movies, Chinese pathos.","The giant progress of science fiction movies, Chinese pathos.",23,2,消极,新加坡,烂番茄,2023-05-28
"it`s nationalistic, it`s cheesy, it`s too long, it`s illogical, it`s just an expensive mess. avoid this.","it`s nationalistic, it`s cheesy, it`s too long, it`s illogical, it`s just an expensive mess. avoid this.",36,2,消极,英国,烂番茄,2023-05-27
The 1st one was great the 2nd one even better. The backstory of WuJing's character was well written and touching and his acting has improved so much ,The 1st one was great the 2nd one even better. The backstory of WuJing's character was well written and touching and his acting has improved so much ,9,2,消极,马来西亚,烂番茄,2023-05-23
"not perfect, but great enough. the movie makes you think not just being entertained, the complicated plots combine into a complete story.","not perfect, but great enough. the movie makes you think not just being entertained, the complicated plots combine into a complete story.",26,2,消极,新西兰,烂番茄,2023-05-22
"Great movie! I can call it Chinese Interstellar. Quite refreshing, very nice hardcore science fiction. It has a slight problem with pacing and some m","Great movie! I can call it Chinese Interstellar. Quite refreshing, very nice hardcore science fiction. It has a slight problem with pacing and some m",4,2,消极,美国,烂番茄,2023-05-13
"Overall amazing sci-fi, kind of like Dune in the way that it is different than most of current sci-fi/superhero big budget movies... It has a good il","Overall amazing sci-fi, kind of like Dune in the way that it is different than most of current sci-fi/superhero big budget movies... It has a good il",21,2,消极,爱尔兰,烂番茄,2023-05-09
"Went and watch this without expectation, this is how pre quel should be made. Awesome. The visual effects is 100% and story are great.","Went and watch this without expectation, this is how pre quel should be made. Awesome. The visual effects is 100% and story are great.",11,2,消极,新加坡,烂番茄,2023-05-01
"Best movie of the year, super heartfelt and humanitarian sci-fi","Best movie of the year, super heartfelt and humanitarian sci-fi",1,2,积极,英国,烂番茄,2023-04-28
"While I still prefer the first installment, this one has a lot of things to like about it. Putting aside the few tedious USA-style flag-waving moment","While I still prefer the first installment, this one has a lot of things to like about it. Putting aside the few tedious USA-style flag-waving moment",38,2,消极,新西兰,烂番茄,2023-04-25
"Its an absolutely phenomenal movie. The storyline , the acting everything. The CGI was the best I have ever seen. 10/10 movie","Its an absolutely phenomenal movie. The storyline , the acting everything. The CGI was the best I have ever seen. 10/10 movie",18,2,消极,马来西亚,烂番茄,2023-04-22
"During the selection of troops who were 50 years and over, I cried. Its good movie.","During the selection of troops who were 50 years and over, I cried. Its good movie.",27,2,消极,牙买加,烂番茄,2023-04-22
"Complicated, couldn't follow that well, but it's entertaining.","Complicated, couldn't follow that well, but it's entertaining.",21,2,消极,牙买加,烂番茄,2023-04-18
It's just a Chinese CCP proganda movie . Showing the world china is the key to save the world.,It's just a Chinese CCP proganda movie . Showing the world china is the key to save the world.,24,2,消极,马来西亚,烂番茄,2023-04-17
"Fantastic movie, full of amazing action, drama, and suspense. It's even better than the first movie. Great acting from Andy Lau.","Fantastic movie, full of amazing action, drama, and suspense. It's even better than the first movie. Great acting from Andy Lau.",28,2,消极,新加坡,烂番茄,2023-04-16
"A mind-blowing, yet a heart warming movie that is worth seeing!","A mind-blowing, yet a heart warming movie that is worth seeing!",27,2,积极,马来西亚,烂番茄,2023-04-16
"I did watch two science fiction films recently, one was Avatar and the other was an early viewing of Wandering Earth. These two films are about the s","I did watch two science fiction films recently, one was Avatar and the other was an early viewing of Wandering Earth. These two films are about the s",38,2,消极,爱尔兰,烂番茄,2023-04-16
"A very good movie, the completion is different from the beautiful heroism, the theme of saving the earth.","A very good movie, the completion is different from the beautiful heroism, the theme of saving the earth.",12,2,消极,澳大利亚,烂番茄,2023-04-15
"Absolutely fantastic. Visual effects are super good, the sound and the actors are all just superb. As a Chinese sci-fi movie, it is groundbreaking an","Absolutely fantastic. Visual effects are super good, the sound and the actors are all just superb. As a Chinese sci-fi movie, it is groundbreaking an",8,2,消极,爱尔兰,烂番茄,2023-04-14
Very good! I like it! A different Chinese movie.Hope to see more different Chinese movies,Very good! I like it! A different Chinese movie.Hope to see more different Chinese movies,26,2,消极,牙买加,烂番茄,2023-03-31
It's the best sci-fi movie I've ever seen.,It's the best sci-fi movie I've ever seen.,18,2,消极,加拿大,烂番茄,2023-03-27
This a really good movie!!!!! I've watched it 3 times yet I still want to watch it again!!! The story was very moving. And the idea of taking earth w,This a really good movie!!!!! I've watched it 3 times yet I still want to watch it again!!! The story was very moving. And the idea of taking earth w,7,2,消极,新加坡,烂番茄,2023-03-20
I must say that this is a pretty good movie! It moved me a lot and I nearly cried during the movie ( I said nearly just because it's usually very har,I must say that this is a pretty good movie! It moved me a lot and I nearly cried during the movie ( I said nearly just because it's usually very har,26,2,消极,新加坡,烂番茄,2023-03-20
"A great, very sincere sci-fi movie.","A great, very sincere sci-fi movie.",30,2,中立,爱尔兰,烂番茄,2023-03-18
"This is a movie of profound significance to Chinese science fiction, as long as you watch it once, you will want to watch it again.","This is a movie of profound significance to Chinese science fiction, as long as you watch it once, you will want to watch it again.",30,2,消极,加拿大,烂番茄,2023-03-18
"Overall, it answered most of the question for its sequel. I watched both movies twice just to make sure I didn't miss any important detail. The more ","Overall, it answered most of the question for its sequel. I watched both movies twice just to make sure I didn't miss any important detail. The more ",34,2,消极,马来西亚,烂番茄,2023-03-16
"Personally, when I saw the first film I was bored and didn't seem that interested until I watched this one which was supposedly taking place before t","Personally, when I saw the first film I was bored and didn't seem that interested until I watched this one which was supposedly taking place before t",6,2,消极,新西兰,烂番茄,2023-03-13
"This sci-fi movie manages to tell a pretty attractive story with good visual effects, and it comes from China. It's nice to see new competition in th","This sci-fi movie manages to tell a pretty attractive story with good visual effects, and it comes from China. It's nice to see new competition in th",30,2,消极,新西兰,烂番茄,2023-03-02
"The best space sci-fi film of the past 20 years, definitely not to be missed.","The best space sci-fi film of the past 20 years, definitely not to be missed.",27,2,消极,美国,烂番茄,2023-03-01
"Honestly, I haven't watched a great sci-fi movie like this one since years ago. The core value, unlike traditional American movies which focus on ind","Honestly, I haven't watched a great sci-fi movie like this one since years ago. The core value, unlike traditional American movies which focus on ind",30,2,消极,牙买加,烂番茄,2023-02-28
Best Chinese Sci-Fi Movie by far,Best Chinese Sci-Fi Movie by far,21,2,消极,澳大利亚,烂番茄,2023-02-26
Amazing Movie. fantastic CG. Characters are very touching.,Amazing Movie. fantastic CG. Characters are very touching.,16,2,消极,新加坡,烂番茄,2023-02-26
"As sci-fi movie fan, I watched the 1st episode and was kind of disappointed by the way how storyline and effects were presented. So, when 2nd was up,","As sci-fi movie fan, I watched the 1st episode and was kind of disappointed by the way how storyline and effects were presented. So, when 2nd was up,",20,2,消极,英国,烂番茄,2023-02-25
This movie totally exceeded all my expectations! The worldview here is nothing short of epic. I also like the part where humanity unite to survive th,This movie totally exceeded all my expectations! The worldview here is nothing short of epic. I also like the part where humanity unite to survive th,3,2,消极,牙买加,烂番茄,2023-02-24
"Best big budget movie I've watched in the past ten years! Great special effects, great acting, excellent and complete plot without any cliche or plot","Best big budget movie I've watched in the past ten years! Great special effects, great acting, excellent and complete plot without any cliche or plot",5,2,消极,马来西亚,烂番茄,2023-02-23
"Very nice, impresssive.","Very nice, impresssive.",0,2,消极,马来西亚,烂番茄,2023-02-23
Different from Hollywood blockbusters. I enjoyed it,Different from Hollywood blockbusters. I enjoyed it,23,2,消极,马来西亚,烂番茄,2023-02-22
It’s really awesome! Astonishing visual and story ❤️,It’s really awesome! Astonishing visual and story ❤️,31,2,积极,爱尔兰,烂番茄,2023-02-20
"There is not just one kind of heroism in the world, individual heroism.","There is not just one kind of heroism in the world, individual heroism.",22,2,消极,马来西亚,烂番茄,2023-02-20
One of the best film I have ever watched. Top notch for a Chinese made Sci-Fi. Highly recommend.,One of the best film I have ever watched. Top notch for a Chinese made Sci-Fi. Highly recommend.,23,2,消极,爱尔兰,烂番茄,2023-02-20
I think it's a pretty great scientific movie. The bgm and the story showed in it are all very enjoyable. Not gonna just watch it once.,I think it's a pretty great scientific movie. The bgm and the story showed in it are all very enjoyable. Not gonna just watch it once.,28,2,消极,加拿大,烂番茄,2023-02-19
"Good visual effect. Pretty dry and forced humor. The tone is so epic that it covers up the flaws. Proud Chinese production, and ideology!","Good visual effect. Pretty dry and forced humor. The tone is so epic that it covers up the flaws. Proud Chinese production, and ideology!",12,2,消极,澳大利亚,烂番茄,2023-02-19
great! I am going to buy a 4K monitor,great! I am going to buy a 4K monitor,3,2,消极,牙买加,烂番茄,2023-02-19
"The first half of the movie lack more background and character introduction makes plot hard to get, but the 2nd half is easy to understand, full of t","The first half of the movie lack more background and character introduction makes plot hard to get, but the 2nd half is easy to understand, full of t",0,2,消极,英国,烂番茄,2023-02-19
"Three obvious timelines and one hidden timeline are connected with the whole movie. I watched the movie twice in total, because I saw so many doubts ","Three obvious timelines and one hidden timeline are connected with the whole movie. I watched the movie twice in total, because I saw so many doubts ",26,2,消极,新加坡,烂番茄,2023-02-18
中国科幻电影的里程碑，三个小时每一秒都是享受,中国科幻电影的里程碑，三个小时每一秒都是享受,4,2,积极,中国,烂番茄,2023-02-18
"The movie is extraordinary. It showed a utopia where all human can work together to survive, which is rare in the real world.","The movie is extraordinary. It showed a utopia where all human can work together to survive, which is rare in the real world.",17,2,消极,加拿大,烂番茄,2023-02-18
"an excellent wang yibo,a soulful knockout.like a mirror to Leung from decades ago. OurActorYibo you will always be famous. The sharpest blade, the sh","an excellent wang yibo,a soulful knockout.like a mirror to Leung from decades ago. OurActorYibo you will always be famous. The sharpest blade, the sh",4,2,消极,澳大利亚,烂番茄,2023-02-17
Wandering earth shows the unity of people around the world before the end of the world. The special effects are exquisite and the world view is sound,Wandering earth shows the unity of people around the world before the end of the world. The special effects are exquisite and the world view is sound,39,2,消极,爱尔兰,烂番茄,2023-02-17
"I watched the previous movie three years ago. I was more impressed with the previous one than this one. Overall a good popcorn movie, but some conver","I watched the previous movie three years ago. I was more impressed with the previous one than this one. Overall a good popcorn movie, but some conver",15,2,消极,马来西亚,烂番茄,2023-02-16
This is a milestone of Sci-Fi movie. This is a milestone of Sci-Fi movie. This is a milestone of Sci-Fi movie!!!,This is a milestone of Sci-Fi movie. This is a milestone of Sci-Fi movie. This is a milestone of Sci-Fi movie!!!,39,2,消极,马来西亚,烂番茄,2023-02-16
"Wow, just mind blowing! This movie is way better and fun to watch than the Hollywood movies! Great storyline, and opens up your mind! The heroes from","Wow, just mind blowing! This movie is way better and fun to watch than the Hollywood movies! Great storyline, and opens up your mind! The heroes from",26,2,消极,加拿大,烂番茄,2023-02-16
"Wandering Earth 2 is a film about the world's people united against disasters. Its complex plot, emotional, including AI, digital life and other sci-","Wandering Earth 2 is a film about the world's people united against disasters. Its complex plot, emotional, including AI, digital life and other sci-",38,2,消极,加拿大,烂番茄,2023-02-16
The Starting Point of Chinese Science Fiction Movies,The Starting Point of Chinese Science Fiction Movies,14,2,消极,美国,烂番茄,2023-02-16
"Enjoy the best Sci-fi film of this decade. Hey, don't care about who created it. Just as a Sci-fi movie fan, enjoy it, the film recalled me the Star ","Enjoy the best Sci-fi film of this decade. Hey, don't care about who created it. Just as a Sci-fi movie fan, enjoy it, the film recalled me the Star ",15,2,消极,牙买加,烂番茄,2023-02-16
"Nice visual, great content with a little bit cringe moments here and there","Nice visual, great content with a little bit cringe moments here and there",5,2,消极,马来西亚,烂番茄,2023-02-16
It is definitely a different movie.,It is definitely a different movie.,39,2,消极,牙买加,烂番茄,2023-02-15
"This is what we called Sci-Fi, crazy but reasonable.","This is what we called Sci-Fi, crazy but reasonable.",0,2,消极,新西兰,烂番茄,2023-02-15
"This is one of the best movies I've ever seen.It has a beautiful and highly frames,exciting music and plot!","This is one of the best movies I've ever seen.It has a beautiful and highly frames,exciting music and plot!",29,2,消极,新西兰,烂番茄,2023-02-15
"Epic, also marks the rise of Chinese science fiction films.","Epic, also marks the rise of Chinese science fiction films.",5,2,消极,爱尔兰,烂番茄,2023-02-15
"Grand movie! even though it's almost 3 hours long, it feels too short, looking forward to the director's cut","Grand movie! even though it's almost 3 hours long, it feels too short, looking forward to the director's cut",31,2,消极,马来西亚,烂番茄,2023-02-14
Excellent hardcore Chinese science fiction movie,Excellent hardcore Chinese science fiction movie,28,2,积极,新西兰,烂番茄,2023-02-14
"I like this ambitious theme, survival, destiny, hope are all big themes, really combining science fiction with human beings together, rather than jus","I like this ambitious theme, survival, destiny, hope are all big themes, really combining science fiction with human beings together, rather than jus",29,2,消极,澳大利亚,烂番茄,2023-02-14
"Is a good movie, the story line was good, graphic was impressive","Is a good movie, the story line was good, graphic was impressive",14,2,消极,加拿大,烂番茄,2023-02-13
"Really epic movie... for the first 30 minutes. Then it became a jumble of romance, two different branches of sci-fi, action, and more, fully dwelling","Really epic movie... for the first 30 minutes. Then it became a jumble of romance, two different branches of sci-fi, action, and more, fully dwelling",27,2,消极,马来西亚,烂番茄,2023-02-13
The only problem with this movie is the time. 3 hours is a really embarrassing time for this movie. It's too long for the audience to stay seated but,The only problem with this movie is the time. 3 hours is a really embarrassing time for this movie. It's too long for the audience to stay seated but,22,2,消极,牙买加,烂番茄,2023-02-13
REALLY AWESOME!!!!!!,REALLY AWESOME!!!!!!,5,2,中立,加拿大,烂番茄,2023-02-13
One of the greatest scifi movie,One of the greatest scifi movie,18,2,积极,澳大利亚,烂番茄,2023-02-13
"Impressions and touching, highly recommended","Impressions and touching, highly recommended",12,2,消极,牙买加,烂番茄,2023-02-12
Amazing! A must watch for all sci-fi fans.,Amazing! A must watch for all sci-fi fans.,23,2,消极,英国,烂番茄,2023-02-12
This one is much better than the first one! Can't wait to watch TWE 3! Best movie in the past 2 years !,This one is much better than the first one! Can't wait to watch TWE 3! Best movie in the past 2 years !,16,2,消极,新西兰,烂番茄,2023-02-12
"just Excelent! Please dont see it as a CCP tool to foolish the world,OK? use your brain, think! Movie told you a story, just enjoy it! why must some ","just Excelent! Please dont see it as a CCP tool to foolish the world,OK? use your brain, think! Movie told you a story, just enjoy it! why must some ",27,2,消极,牙买加,烂番茄,2023-02-12
The story is very touching.,The story is very touching.,38,2,消极,澳大利亚,烂番茄,2023-02-12
"Definitely one of the best visual displays in recent years! Yet, a story the Chinese (particularly its government) playing the dominant role in the m","Definitely one of the best visual displays in recent years! Yet, a story the Chinese (particularly its government) playing the dominant role in the m",15,2,消极,英国,烂番茄,2023-02-12
Who can refuse such good Sci-fi moive？,Who can refuse such good Sci-fi moive？,32,2,消极,马来西亚,烂番茄,2023-02-12
Chinese SciFi is catching up!,Chinese SciFi is catching up!,28,2,消极,新加坡,烂番茄,2023-02-12
This is the one movie must watch!,This is the one movie must watch!,17,2,消极,新西兰,烂番茄,2023-02-11
A very good movie. I would give it 5 stars if it was compressed into 2 hours.,A very good movie. I would give it 5 stars if it was compressed into 2 hours.,12,2,消极,爱尔兰,烂番茄,2023-02-11
"absolutely incredible. it is three hours long but I watched twice and enjoyed every minute of it. music, story, acting, visuals, science. awe inspiri","absolutely incredible. it is three hours long but I watched twice and enjoyed every minute of it. music, story, acting, visuals, science. awe inspiri",12,2,消极,加拿大,烂番茄,2023-02-11
"Movie is in a massive set, extraordinary setup, everything is in mega scale, the technology, equipment, spaceship, even the actors from all over the ","Movie is in a massive set, extraordinary setup, everything is in mega scale, the technology, equipment, spaceship, even the actors from all over the ",21,2,消极,牙买加,烂番茄,2023-02-11
Great movie. Would like to watch it again. The characters and storylines are finely crafted. Special effects are stunning.,Great movie. Would like to watch it again. The characters and storylines are finely crafted. Special effects are stunning.,35,2,消极,牙买加,烂番茄,2023-02-11
Absolutely stunning cinematic effect. Can't believe there's no IMAX version to see in a place like Hong Kong. The pace is great too. Three hours fly ,Absolutely stunning cinematic effect. Can't believe there's no IMAX version to see in a place like Hong Kong. The pace is great too. Three hours fly ,13,2,消极,加拿大,烂番茄,2023-02-11
Pure epic movie with great story line and astonishing visual effects.,Pure epic movie with great story line and astonishing visual effects.,1,2,积极,新西兰,烂番茄,2023-02-11
It‘s fucking good! I haven't seen such a good movie in a long time. The movie is of high quality,It‘s fucking good! I haven't seen such a good movie in a long time. The movie is of high quality,32,2,消极,新加坡,烂番茄,2023-02-11
"Good story, reality visual effects and imaging. This movie lets think about present and future.","Good story, reality visual effects and imaging. This movie lets think about present and future.",39,2,消极,爱尔兰,烂番茄,2023-02-11
"Confused script, corny acting. First half is brutal bored, fall asleep couple of time.","Confused script, corny acting. First half is brutal bored, fall asleep couple of time.",38,2,消极,美国,烂番茄,2023-02-10
The only best movie in the world!!!!Cixin Liu GOAT!!!!Frant Gwo GOAT!!!!!,The only best movie in the world!!!!Cixin Liu GOAT!!!!Frant Gwo GOAT!!!!!,27,2,中立,爱尔兰,烂番茄,2023-02-10
A refreshing and realistic review of planet earth and mankind.,A refreshing and realistic review of planet earth and mankind.,10,2,积极,英国,烂番茄,2023-02-10
"This is a decidedly more realistic sci-fi film than Hollywood sci-fi, and less about unrealistic individual heroism...","This is a decidedly more realistic sci-fi film than Hollywood sci-fi, and less about unrealistic individual heroism...",6,2,消极,美国,烂番茄,2023-02-09
"In terms of production, scripts, start performance, music, special effect, timing, this film is almost perfect.","In terms of production, scripts, start performance, music, special effect, timing, this film is almost perfect.",9,2,消极,爱尔兰,烂番茄,2023-02-09
really nice movie!! can't wait to see second time,really nice movie!! can't wait to see second time,11,2,积极,牙买加,烂番茄,2023-02-08
6+1/10。任何优秀的电影，都不可能是靠海量细节的堆砌以及对影迷放大镜观影的期待而成功的。对人工智能、数字生命的哲学思考完全被隐藏在各种线索之中，表面上泛滥着各种的精神、信念，使得电影的画面表现根本就成了一个人类大团结精神的失败具象化，其内核之空洞达到了我无法想象的可怕地步。本作的服化道、机械设,6+1/10。任何优秀的电影，都不可能是靠海量细节的堆砌以及对影迷放大镜观影的期待而成功的。对人工智能、数字生命的哲学思考完全被隐藏在各种线索之中，表面上泛滥着各种的精神、信念，使得电影的画面表现根本就成了一个人类大团结精神的失败具象化，其内核之空洞达到了我无法想象的可怕地步。本作的服化道、机械设,39,2,积极,中国,烂番茄,2023-02-08
Science fiction film with innovative perspective,Science fiction film with innovative perspective,17,2,消极,加拿大,烂番茄,2023-02-08
"Started another theme of sci-fic movies, one of the greatest sci-fic movies I've ever seen in recent 10 years","Started another theme of sci-fic movies, one of the greatest sci-fic movies I've ever seen in recent 10 years",1,2,消极,加拿大,烂番茄,2023-02-08
wonderful open-mind story with future tech and idea,wonderful open-mind story with future tech and idea,40,2,消极,新加坡,烂番茄,2023-02-08
"Best science fiction movie ever! Community of common destiny for mankind, a shared future.","Best science fiction movie ever! Community of common destiny for mankind, a shared future.",32,2,消极,爱尔兰,烂番茄,2023-02-08
the best chinsese sci-fi！笨笨加油！,the best chinsese sci-fi！笨笨加油！,27,2,消极,中国,烂番茄,2023-02-07
"Unity is the great power of mankind being. Not Just high tech, AI, .....in this movie, Love, Hope, Trust is the great value of human life.","Unity is the great power of mankind being. Not Just high tech, AI, .....in this movie, Love, Hope, Trust is the great value of human life.",17,2,消极,英国,烂番茄,2023-02-07
Best movie I have ever watched for several years! Way better than avatar2.,Best movie I have ever watched for several years! Way better than avatar2.,10,2,消极,加拿大,烂番茄,2023-02-07
Very interesting concept with a different way of saving human beings and the Earth from disaster. The stunning visual effects for us to enjoy in the ,Very interesting concept with a different way of saving human beings and the Earth from disaster. The stunning visual effects for us to enjoy in the ,5,2,消极,新加坡,烂番茄,2023-02-07
"Very hard to follow with the thoughtless speed and the tiny type of the subtitles, Certainly not done with any consideration for the masses!","Very hard to follow with the thoughtless speed and the tiny type of the subtitles, Certainly not done with any consideration for the masses!",21,2,消极,英国,烂番茄,2023-02-07
"very stunning piece of film. can totally be marked in SF movie history. I'm willing to give a 7.7 here's the Chinese chauvinism, which is unbelievabl","very stunning piece of film. can totally be marked in SF movie history. I'm willing to give a 7.7 here's the Chinese chauvinism, which is unbelievabl",25,2,消极,澳大利亚,烂番茄,2023-02-07
"No doubt with 10 out of 10 (8.5 belongs to the film, 1.5 to China) The quality of the film is excellent and the emphasis is on the values it conveys ","No doubt with 10 out of 10 (8.5 belongs to the film, 1.5 to China) The quality of the film is excellent and the emphasis is on the values it conveys ",14,2,消极,新西兰,烂番茄,2023-02-06
"The Space Elevator, the newest Tower of Babel on Earth. The ultimate in imagination and romance, all of humanity united against a disaster of epic pr","The Space Elevator, the newest Tower of Babel on Earth. The ultimate in imagination and romance, all of humanity united against a disaster of epic pr",10,2,消极,马来西亚,烂番茄,2023-02-06
"what a wonderful movie. It is much better than THE WANDERING EARTH I..I can understand some people's prejudice, because the story is about the world ","what a wonderful movie. It is much better than THE WANDERING EARTH I..I can understand some people's prejudice, because the story is about the world ",7,2,消极,牙买加,烂番茄,2023-02-06
"Instead of having super heroes save the day, the wondering earth shows that human as a whole can achieve something even more amazing. The space eleva","Instead of having super heroes save the day, the wondering earth shows that human as a whole can achieve something even more amazing. The space eleva",7,2,消极,牙买加,烂番茄,2023-02-06
Great story and special effects!,Great story and special effects!,34,2,消极,英国,烂番茄,2023-02-06
"Realistic science fiction, great","Realistic science fiction, great",29,2,消极,英国,烂番茄,2023-02-06
Its a perfact fantasy movie from a eastern conthry~,Its a perfact fantasy movie from a eastern conthry~,20,2,消极,新加坡,烂番茄,2023-02-06
"It is way above my expectations. It was keeping me from going to the restroom, and I felt I couldn't miss more than 5 minutes of any part of the movi","It is way above my expectations. It was keeping me from going to the restroom, and I felt I couldn't miss more than 5 minutes of any part of the movi",30,2,消极,牙买加,烂番茄,2023-02-06
"it definitely needs more improvements in some details (transition, CGI tech, etc.), but it is a mature and satisfying sci-fiction movie for me. I was","it definitely needs more improvements in some details (transition, CGI tech, etc.), but it is a mature and satisfying sci-fiction movie for me. I was",37,2,消极,加拿大,烂番茄,2023-02-06
"A great sci-fi movie, no matter the sense, effects, or story. But not friendly for American audiences as Many jokes or lines are only for Chinese.","A great sci-fi movie, no matter the sense, effects, or story. But not friendly for American audiences as Many jokes or lines are only for Chinese.",39,2,消极,牙买加,烂番茄,2023-02-06
Even better than TWE I. It's more like a hardcore Sci-fi movie. Special effects and music effects are so great with minor flaws. This movie conveys t,Even better than TWE I. It's more like a hardcore Sci-fi movie. Special effects and music effects are so great with minor flaws. This movie conveys t,5,2,消极,美国,烂番茄,2023-02-06
I think this is can be considered as one of the best SIFI movie in the history. It will be very helpful to understand those details if have read the ,I think this is can be considered as one of the best SIFI movie in the history. It will be very helpful to understand those details if have read the ,5,2,消极,加拿大,烂番茄,2023-02-05
Amazing scifi movie! Unbelievable scenes and shocking ideas! DEFINTELY ON MUST SEE LIST! You cannot miss it.,Amazing scifi movie! Unbelievable scenes and shocking ideas! DEFINTELY ON MUST SEE LIST! You cannot miss it.,23,2,消极,英国,烂番茄,2023-02-05
Soooooooooooo goood!!!!!!!!!!!!!!!!!! I'll watch it again!!! Hope there's more on IMAX!!,Soooooooooooo goood!!!!!!!!!!!!!!!!!! I'll watch it again!!! Hope there's more on IMAX!!,18,2,消极,爱尔兰,烂番茄,2023-02-05
"I was so surprise, this is so good, very fast paced to wrap up in 3 hour, hoping for a director cut. Great work!","I was so surprise, this is so good, very fast paced to wrap up in 3 hour, hoping for a director cut. Great work!",23,2,消极,新加坡,烂番茄,2023-02-05
"Great visual, excellent screening writing, absolutely loving the music. I had a great time in the movie theater!","Great visual, excellent screening writing, absolutely loving the music. I had a great time in the movie theater!",27,2,积极,英国,烂番茄,2023-02-05
great works It shows Chinese unique feelings of home and country The special effects shots are superb,great works It shows Chinese unique feelings of home and country The special effects shots are superb,10,2,消极,牙买加,烂番茄,2023-02-05
Why not ten? It just refreshes my concept of science fiction movie!,Why not ten? It just refreshes my concept of science fiction movie!,33,2,消极,新加坡,烂番茄,2023-02-05
"The movie is too long and too complex for most audiences. But it is surprisingly good, especially the hidden storyline of MOSS. Please don't forget t","The movie is too long and too complex for most audiences. But it is surprisingly good, especially the hidden storyline of MOSS. Please don't forget t",0,2,消极,马来西亚,烂番茄,2023-02-05
excellent masterpiece! it's a gift for the cinephile all over the world from CN!,excellent masterpiece! it's a gift for the cinephile all over the world from CN!,29,2,中立,新西兰,烂番茄,2023-02-05
The film helped someone that dont know about china realize that there are other cultures and values in the world besides America's own.,The film helped someone that dont know about china realize that there are other cultures and values in the world besides America's own.,32,2,消极,马来西亚,烂番茄,2023-02-05
Amazing movie!!! I am really enjoy the watching even though it has 3 hours,Amazing movie!!! I am really enjoy the watching even though it has 3 hours,34,2,消极,马来西亚,烂番茄,2023-02-05
"Makes me think, what should we do if our mother earth, and all mankind are in danger from the space? Excellent movie!","Makes me think, what should we do if our mother earth, and all mankind are in danger from the space? Excellent movie!",13,2,消极,澳大利亚,烂番茄,2023-02-05
Great movie this year！,Great movie this year！,18,2,积极,爱尔兰,烂番茄,2023-02-05
Absolutely excellent! Mind-blowing story with great audio & visual. Watched it twice.,Absolutely excellent! Mind-blowing story with great audio & visual. Watched it twice.,11,2,积极,马来西亚,烂番茄,2023-02-05
One of the best Sci-fi movie of all time! This movie is really action-packed fast action from the start. In the middle there was some dense plot deve,One of the best Sci-fi movie of all time! This movie is really action-packed fast action from the start. In the middle there was some dense plot deve,5,2,消极,新西兰,烂番茄,2023-02-05
Definitely excellent. Deeper than Avatar2. Extremely blowing.,Definitely excellent. Deeper than Avatar2. Extremely blowing.,7,2,消极,澳大利亚,烂番茄,2023-02-05
"It's really good. It's the choice of life, the choice of human beings, the belief of human beings, the persistence of human beings, self-sacrifice fo","It's really good. It's the choice of life, the choice of human beings, the belief of human beings, the persistence of human beings, self-sacrifice fo",34,2,消极,马来西亚,烂番茄,2023-02-05
"A spectacular prequel. The special effects are on par with Hollywood, and the story is fascinating and moving. One minor imperfection is that some En","A spectacular prequel. The special effects are on par with Hollywood, and the story is fascinating and moving. One minor imperfection is that some En",36,2,消极,牙买加,烂番茄,2023-02-05
Great movie from another side of The Earth.,Great movie from another side of The Earth.,34,2,积极,澳大利亚,烂番茄,2023-02-05
Wonderful special effects with great stories,Wonderful special effects with great stories,18,2,消极,爱尔兰,烂番茄,2023-02-05
A great movie and a topic that human race should take a deep thought,A great movie and a topic that human race should take a deep thought,11,2,中立,爱尔兰,烂番茄,2023-02-05
Even better than The Wandering Earth 1！Love it！,Even better than The Wandering Earth 1！Love it！,1,2,消极,美国,烂番茄,2023-02-05
"This is a Chinese movie comparable to Hollywood sci-fi, but it tells a very good story","This is a Chinese movie comparable to Hollywood sci-fi, but it tells a very good story",20,2,消极,美国,烂番茄,2023-02-05
wonderful movie. watched it twice!,wonderful movie. watched it twice!,34,2,消极,爱尔兰,烂番茄,2023-02-04
"Maybe 2500-years is too long for Anglo-Saxon, but it's just right for Chinese.","Maybe 2500-years is too long for Anglo-Saxon, but it's just right for Chinese.",5,2,消极,加拿大,烂番茄,2023-02-04
1 Far beyond expectations 2 Better than the first film 3 The pattern is opened and the realm is opened 4 The first sci-fi series in Chinese film hist,1 Far beyond expectations 2 Better than the first film 3 The pattern is opened and the realm is opened 4 The first sci-fi series in Chinese film hist,39,2,消极,加拿大,烂番茄,2023-02-04
"A complete closed loop is much better than the first work. one more tips： Dolby Cinema, visual effect will be great lol","A complete closed loop is much better than the first work. one more tips： Dolby Cinema, visual effect will be great lol",8,2,积极,新加坡,烂番茄,2023-02-04
Have seen.A very nice movie!,Have seen.A very nice movie!,14,2,积极,爱尔兰,烂番茄,2023-02-04
"Great CGs, love all the scenes on big screen. Love Andy Lau's acting. But, the storyline is too boring.... At some point, I was annoyed by the sudden","Great CGs, love all the scenes on big screen. Love Andy Lau's acting. But, the storyline is too boring.... At some point, I was annoyed by the sudden",36,2,消极,爱尔兰,烂番茄,2023-02-04
"We are human, we love the earth.","We are human, we love the earth.",23,2,消极,马来西亚,烂番茄,2023-02-04
Best-in-class Chinese sci-fi movie in the entire Chinese movie history. A milestone for the movie industry too.,Best-in-class Chinese sci-fi movie in the entire Chinese movie history. A milestone for the movie industry too.,8,2,积极,牙买加,烂番茄,2023-02-04
"Stunning visual effects, amazing soundtracks blend in with epic scenes, and the unique values it conveys.","Stunning visual effects, amazing soundtracks blend in with epic scenes, and the unique values it conveys.",21,2,中立,美国,烂番茄,2023-02-04
"The film is generally good, worth watching","The film is generally good, worth watching",27,2,中立,澳大利亚,烂番茄,2023-02-04
Best movie of the decade!,Best movie of the decade!,2,2,积极,新西兰,烂番茄,2023-02-04
"I LOVE wandering earth 1&2!!! it's a incredible masterpiece. Hope is the most valuable thing human can have, with it we are invincible.","I LOVE wandering earth 1&2!!! it's a incredible masterpiece. Hope is the most valuable thing human can have, with it we are invincible.",14,2,消极,新西兰,烂番茄,2023-02-04
Cool special effects but awful story writing. You basically are shoved from giant special effects scene to giant special effects scene with very litt,Cool special effects but awful story writing. You basically are shoved from giant special effects scene to giant special effects scene with very litt,20,2,消极,爱尔兰,烂番茄,2023-02-04
"The first movie told the story in such rush that there were many questions unanswered, leaving many plots seem superficial. The team did a great job ","The first movie told the story in such rush that there were many questions unanswered, leaving many plots seem superficial. The team did a great job ",17,2,消极,加拿大,烂番茄,2023-02-04
"The story is extremely strong, the plot is full, and it fully conforms to the settings of the previous work, with fake special effects. But the movie","The story is extremely strong, the plot is full, and it fully conforms to the settings of the previous work, with fake special effects. But the movie",32,2,消极,新加坡,烂番茄,2023-02-04
excellent science fiction movie,excellent science fiction movie,31,2,积极,美国,烂番茄,2023-02-04
really like the movie. Looking forward to the 3rd!,really like the movie. Looking forward to the 3rd!,25,2,消极,牙买加,烂番茄,2023-02-04
"Excellent hard sci-fi movie, managed to outdo the already splendid 1st installment with deeper backstory and much grander stage setting. Great storyt","Excellent hard sci-fi movie, managed to outdo the already splendid 1st installment with deeper backstory and much grander stage setting. Great storyt",35,2,消极,美国,烂番茄,2023-02-03
"amazing viewing experience! so many elements a great mix of visual treat, science awe, technology abuse, humanity test, global cooperation, planet le","amazing viewing experience! so many elements a great mix of visual treat, science awe, technology abuse, humanity test, global cooperation, planet le",20,2,积极,马来西亚,烂番茄,2023-02-03
way way better than Avatar2! comparable to Matrix 1 in terms of complexity and new concepts; visually impressive as Avatar1 or more,way way better than Avatar2! comparable to Matrix 1 in terms of complexity and new concepts; visually impressive as Avatar1 or more,23,2,消极,爱尔兰,烂番茄,2023-02-03
Take it ! Just take my FXXXKing money!!!,Take it ! Just take my FXXXKing money!!!,30,2,消极,澳大利亚,烂番茄,2023-02-03
"Great movie. I would recommend the original novel of this movie by Liu Cixin, who is also the author of the great sci-fi Three Body Problems. The bas","Great movie. I would recommend the original novel of this movie by Liu Cixin, who is also the author of the great sci-fi Three Body Problems. The bas",36,2,消极,美国,烂番茄,2023-02-03
"Wow wow honestly I was not expecting this. Wandering Earth 2 is a thrill ride of epic proportions! From the moment the film begins, you are transport","Wow wow honestly I was not expecting this. Wandering Earth 2 is a thrill ride of epic proportions! From the moment the film begins, you are transport",9,2,消极,马来西亚,烂番茄,2023-02-03
"Absolutely love the story, and the way the crisis is solved. The effect is astonishing, starts from the elevator and reaches the top as the moon expl","Absolutely love the story, and the way the crisis is solved. The effect is astonishing, starts from the elevator and reaches the top as the moon expl",32,2,消极,新西兰,烂番茄,2023-02-03
Really is a great movie from China..,Really is a great movie from China..,39,2,积极,新西兰,烂番茄,2023-02-03
"The best Si-Fi film in 2023, and sorry to say it's better than any Hollywood production in the last 20 years for both the storyline and the special e","The best Si-Fi film in 2023, and sorry to say it's better than any Hollywood production in the last 20 years for both the storyline and the special e",37,2,消极,澳大利亚,烂番茄,2023-02-03
"Better than the first one in every aspects! Better CGI, better story telling, better characters building.","Better than the first one in every aspects! Better CGI, better story telling, better characters building.",25,2,消极,加拿大,烂番茄,2023-02-03
Director Frant Gwo's really surpassed himself for this prequel of The Wandering Earth. The CGI is much more mature and the story line more complex. F,Director Frant Gwo's really surpassed himself for this prequel of The Wandering Earth. The CGI is much more mature and the story line more complex. F,0,2,消极,加拿大,烂番茄,2023-02-03
Good movie! Love it!,Good movie! Love it!,27,2,消极,澳大利亚,烂番茄,2023-02-03
"a very creative sci-fi movie, not bad ......","a very creative sci-fi movie, not bad ......",1,2,消极,加拿大,烂番茄,2023-02-03
Amazing movie ， worth for watching with families,Amazing movie ， worth for watching with families,0,2,积极,爱尔兰,烂番茄,2023-02-03
Chinese Science Fiction Movie Milestone. Just Marvelous!,Chinese Science Fiction Movie Milestone. Just Marvelous!,38,2,消极,牙买加,烂番茄,2023-02-03
超乎我的预期，故事剧情结构性非常好，让我回味无穷,超乎我的预期，故事剧情结构性非常好，让我回味无穷,20,2,积极,中国,烂番茄,2023-02-03
Just watched it. Absolutely loving it. It has great visual effects and it is romantic in a very distinct Chinese way.,Just watched it. Absolutely loving it. It has great visual effects and it is romantic in a very distinct Chinese way.,14,2,消极,新西兰,烂番茄,2023-02-03
如果你厌恶了美国人无数次的拯救世界，欢迎来看一下这个，在大灾难来临的时刻，没有什么超级英雄，只有无数挺身而出的普通人，拯救世界的是你们，是所有人，是每一个地球人，而不是某几个超级英雄挥手间将威胁弹开，这部电影告诉我们，世界是我们的，拯救也好，放弃也好，整个世界的命运掌握在全体人民的手里，而不是超级,如果你厌恶了美国人无数次的拯救世界，欢迎来看一下这个，在大灾难来临的时刻，没有什么超级英雄，只有无数挺身而出的普通人，拯救世界的是你们，是所有人，是每一个地球人，而不是某几个超级英雄挥手间将威胁弹开，这部电影告诉我们，世界是我们的，拯救也好，放弃也好，整个世界的命运掌握在全体人民的手里，而不是超级,0,2,积极,中国,烂番茄,2023-02-03
"I was shocked, especially when I saw the space elevator.","I was shocked, especially when I saw the space elevator.",9,2,消极,新加坡,烂番茄,2023-02-03
"Nice movies, much better than super hero movies in Hollywood.","Nice movies, much better than super hero movies in Hollywood.",31,2,消极,新西兰,烂番茄,2023-02-03
精彩绝伦，同时就像阿凡达给电影工业带来的进步，这部电影给中国科幻留下的更多。,精彩绝伦，同时就像阿凡达给电影工业带来的进步，这部电影给中国科幻留下的更多。,27,2,积极,中国,烂番茄,2023-02-03
"I really like what the Chinese audiences said:The Wandering Earth opens the gate of Chinese sci-fi (movie), and the Wandering Earth II break the enti","I really like what the Chinese audiences said:The Wandering Earth opens the gate of Chinese sci-fi (movie), and the Wandering Earth II break the enti",20,2,消极,澳大利亚,烂番茄,2023-02-03
"It is a great movie made in China. It shows how Chinese think about the world, what Chinese do to fix problem. It is good to know about Chinese value","It is a great movie made in China. It shows how Chinese think about the world, what Chinese do to fix problem. It is good to know about Chinese value",23,2,中立,美国,烂番茄,2023-02-03
"The science was by and large absurd, but overall Wandering Earth 2 was a very good movie. It would have been much better if it was dubbed into Englis","The science was by and large absurd, but overall Wandering Earth 2 was a very good movie. It would have been much better if it was dubbed into Englis",7,2,消极,新西兰,烂番茄,2023-02-03
"Seeing all humans working together to save the Earth in this movie is very touching and inspiring, especially when compared to the real world, where ","Seeing all humans working together to save the Earth in this movie is very touching and inspiring, especially when compared to the real world, where ",29,2,消极,马来西亚,烂番茄,2023-02-03
"Through future historian style of story telling, this movie documented how human race saved themselves in an pre-apocalyptic world. The eye-popping C","Through future historian style of story telling, this movie documented how human race saved themselves in an pre-apocalyptic world. The eye-popping C",15,2,消极,加拿大,烂番茄,2023-02-03
"A new perspective to salvage mankind other than the usual drip-fed superheroes from Hollywood assembly line. With the de facto cold war, the media is","A new perspective to salvage mankind other than the usual drip-fed superheroes from Hollywood assembly line. With the de facto cold war, the media is",15,2,消极,牙买加,烂番茄,2023-02-03
MUST WATCH! I really enjoyed every minute. Hope to see more good movies in the near future!,MUST WATCH! I really enjoyed every minute. Hope to see more good movies in the near future!,23,2,消极,英国,烂番茄,2023-02-03
What a pity not so many theaters in US play this movie!,What a pity not so many theaters in US play this movie!,17,2,消极,爱尔兰,烂番茄,2023-02-03
Just wow! Totally blew my mind! 5 star from every aspect!,Just wow! Totally blew my mind! 5 star from every aspect!,18,2,中立,新西兰,烂番茄,2023-02-03
Best sci fi movie in recent years,Best sci fi movie in recent years,28,2,积极,新西兰,烂番茄,2023-02-03
"The best sci-fi movie in the past 20 years. If looking back the last 25 years, it is the 2nd after Matrix.","The best sci-fi movie in the past 20 years. If looking back the last 25 years, it is the 2nd after Matrix.",22,2,消极,英国,烂番茄,2023-02-02
One of the best Sci-fi in the past decade,One of the best Sci-fi in the past decade,22,2,消极,牙买加,烂番茄,2023-02-02
"Very good sci-fi movie, in my mind, it can surpass [2012][Interstellar] and other. The 170-minute period is full of special effects scenes, and vario","Very good sci-fi movie, in my mind, it can surpass [2012][Interstellar] and other. The 170-minute period is full of special effects scenes, and vario",7,2,消极,澳大利亚,烂番茄,2023-02-02
这个电影真的很好看，剧情紧凑，画面宏大!!!!!!!,这个电影真的很好看，剧情紧凑，画面宏大!!!!!!!,12,2,积极,中国,烂番茄,2023-02-02
"The movie started off slow and appears to be incoherent, but it all comes together in the 3rd act of the movie and it is a worthy prequal and ties up","The movie started off slow and appears to be incoherent, but it all comes together in the 3rd act of the movie and it is a worthy prequal and ties up",5,2,积极,英国,烂番茄,2023-02-02
Best Sci-Fi movie! Worth every seconds,Best Sci-Fi movie! Worth every seconds,15,2,消极,爱尔兰,烂番茄,2023-02-02
Don't know why it was pandered by the NY Times review. Was it cause there's too many Asians for the reviewer? And no white knight anywhere in site? R,Don't know why it was pandered by the NY Times review. Was it cause there's too many Asians for the reviewer? And no white knight anywhere in site? R,35,2,消极,澳大利亚,烂番茄,2023-02-02
"This year's best sci-fi film, moved by the unity of mankind","This year's best sci-fi film, moved by the unity of mankind",21,2,消极,澳大利亚,烂番茄,2023-02-02
Another SI-FI movie shows the picture of a community with a shared future for mankind. Total different from the traditional superhero or lonely hero ,Another SI-FI movie shows the picture of a community with a shared future for mankind. Total different from the traditional superhero or lonely hero ,28,2,积极,英国,烂番茄,2023-02-02
"I was deeply shocked by this film! Top world view and top special effects, definitely worth watching in the cinema.","I was deeply shocked by this film! Top world view and top special effects, definitely worth watching in the cinema.",5,2,消极,澳大利亚,烂番茄,2023-02-02
amazing Chinese sci-fi movie!,amazing Chinese sci-fi movie!,31,2,消极,瑞士,烂番茄,2023-02-02
这部影片很棒，它没有个人英雄主义色彩，展现更多的的是群体智慧； 特效满分，特别是太空电梯那一段长镜头很是震撼； 多线叙事，情节丰富，环环相扣，新奇而又完整，严谨而又浪漫；,这部影片很棒，它没有个人英雄主义色彩，展现更多的的是群体智慧； 特效满分，特别是太空电梯那一段长镜头很是震撼； 多线叙事，情节丰富，环环相扣，新奇而又完整，严谨而又浪漫；,38,2,积极,中国,烂番茄,2023-02-02
NICE！A Chinese epic sci-fi film！,NICE！A Chinese epic sci-fi film！,26,2,消极,中国,烂番茄,2023-02-02
"I think this movie can definitely match Interstellar or even surpasses it somehow, be one of the best sci-fi movies of human history, applause to Guo","I think this movie can definitely match Interstellar or even surpasses it somehow, be one of the best sci-fi movies of human history, applause to Guo",13,2,中立,牙买加,烂番茄,2023-02-02
One of the best sci-fi movies I have seen. So different from the usual Hollywood one-hero saves everyone logic. Very touching!,One of the best sci-fi movies I have seen. So different from the usual Hollywood one-hero saves everyone logic. Very touching!,14,2,消极,牙买加,烂番茄,2023-02-02
"As a giant sci-fi work in China, he not only did a good job in details and plot, but also broke the American-led sci-fi works of individual heroism.","As a giant sci-fi work in China, he not only did a good job in details and plot, but also broke the American-led sci-fi works of individual heroism.",29,2,消极,牙买加,烂番茄,2023-02-02
One of the best movie I have ever seen.,One of the best movie I have ever seen.,7,2,消极,牙买加,烂番茄,2023-02-02
"The ceiling of Chinese sci-fi movies is tired of the routines of Hollywood movies, and such movies are the future.","The ceiling of Chinese sci-fi movies is tired of the routines of Hollywood movies, and such movies are the future.",29,2,消极,新加坡,烂番茄,2023-02-02
"The story of this film was not actually in the book. It is basically a prequal of the first movie that came out more than 4 years ago. However, this ","The story of this film was not actually in the book. It is basically a prequal of the first movie that came out more than 4 years ago. However, this ",28,2,消极,新加坡,烂番茄,2023-02-02
"No faults, amazing VFX.","No faults, amazing VFX.",31,2,消极,意大利,烂番茄,2023-02-02
Best Si-Fi movie ever! Enjoyed every minute of the 3 hours.,Best Si-Fi movie ever! Enjoyed every minute of the 3 hours.,37,2,积极,新加坡,烂番茄,2023-02-02
"Definitely a masterpiece, this movie has offered so much than it could be.","Definitely a masterpiece, this movie has offered so much than it could be.",38,2,积极,马来西亚,烂番茄,2023-02-02
One of the best sci-fi movies of the last five years,One of the best sci-fi movies of the last five years,12,2,积极,新西兰,烂番茄,2023-02-02
Plotline and CG are simply incredible. Did not expect the movie to be of such high quality before watching it. Absolute wow.,Plotline and CG are simply incredible. Did not expect the movie to be of such high quality before watching it. Absolute wow.,18,2,中立,牙买加,烂番茄,2023-02-02
"Brilliant, soul-stirring, and intensely epic. Another instant solution for science fiction movies, no longer Hollywood-style individual heroism. It s","Brilliant, soul-stirring, and intensely epic. Another instant solution for science fiction movies, no longer Hollywood-style individual heroism. It s",27,2,消极,牙买加,烂番茄,2023-02-02
Fantastic visual effects and a powerful touching epic storyline,Fantastic visual effects and a powerful touching epic storyline,11,2,积极,新西兰,烂番茄,2023-02-02
Good messages for human mankind,Good messages for human mankind,23,2,消极,英国,烂番茄,2023-02-02
The film is a prequel to the 2019 film The Wandering Earth (Earth 1). You don't need much from the Earth 1 in order to enjoy the Earth 2. IF you do n,The film is a prequel to the 2019 film The Wandering Earth (Earth 1). You don't need much from the Earth 1 in order to enjoy the Earth 2. IF you do n,19,2,消极,新西兰,烂番茄,2023-02-02
"If Hollywood were to make the movie, it would be divided into several films such as Defending the Space Elevator, Blowing up the Moon and Digital Lif","If Hollywood were to make the movie, it would be divided into several films such as Defending the Space Elevator, Blowing up the Moon and Digital Lif",24,2,消极,美国,烂番茄,2023-02-02
Watched it four times already. Have to say absolutely beyond my expectation!! From the spectacular space elevator scene to the complicated storylines,Watched it four times already. Have to say absolutely beyond my expectation!! From the spectacular space elevator scene to the complicated storylines,23,2,消极,马来西亚,烂番茄,2023-02-02
Very nice movie! All people in the world work together for one goal,Very nice movie! All people in the world work together for one goal,38,2,消极,牙买加,烂番茄,2023-02-02
Hard core sci-fi. Many techs in it seem to be do-able instead of too unreal.,Hard core sci-fi. Many techs in it seem to be do-able instead of too unreal.,21,2,消极,加拿大,烂番茄,2023-02-02
The ideal of a community with a shared future for mankind proposed by Mr. Zhou is really touching.,The ideal of a community with a shared future for mankind proposed by Mr. Zhou is really touching.,3,2,消极,澳大利亚,烂番茄,2023-02-02
Please check it out! Amazing movie!,Please check it out! Amazing movie!,22,2,消极,加拿大,烂番茄,2023-02-02
"At the end of the film, the narrator said, This plan is a grand and long space migration plan that lasts for 2500 years and needs to go through 100 g","At the end of the film, the narrator said, This plan is a grand and long space migration plan that lasts for 2500 years and needs to go through 100 g",1,2,消极,美国,烂番茄,2023-02-01
We bought the standard ticket for the movie and the screen looked kind of old and the chair didnt feel that comfortable as the 4D chairs. The movie w,We bought the standard ticket for the movie and the screen looked kind of old and the chair didnt feel that comfortable as the 4D chairs. The movie w,10,2,消极,马来西亚,烂番茄,2023-02-01
Absolutely terrible movie! Overdramatize acting and China centric patriotism with boring storyline. Only good thing is CGI !,Absolutely terrible movie! Overdramatize acting and China centric patriotism with boring storyline. Only good thing is CGI !,9,2,消极,加拿大,烂番茄,2023-02-01
Please please please check it out! Amazing movie!,Please please please check it out! Amazing movie!,4,2,消极,加拿大,烂番茄,2023-02-01
"Better than the first version, I missed beginning of the movie, going to watch it again this weekend.","Better than the first version, I missed beginning of the movie, going to watch it again this weekend.",7,2,消极,加拿大,烂番茄,2023-02-01
Incredible imagination and amazing special effects.,Incredible imagination and amazing special effects.,4,2,消极,英国,烂番茄,2023-02-01
The first movie I watched ended with all the audience clapping.,The first movie I watched ended with all the audience clapping.,28,2,消极,英国,烂番茄,2023-02-01
Best Chinese Sci-Fi.,Best Chinese Sci-Fi.,20,2,消极,英国,烂番茄,2023-02-01
"It's really a good movie you should watch. I won't say it's as good as Interstellar, but the story is definitely good. The effect is more than excell","It's really a good movie you should watch. I won't say it's as good as Interstellar, but the story is definitely good. The effect is more than excell",6,2,消极,加拿大,烂番茄,2023-02-01
"must see Sci-fi movie, planning to see again","must see Sci-fi movie, planning to see again",34,2,消极,牙买加,烂番茄,2023-02-01
"There is no doubt that this is a very good sci-fi movie. Whether it is in terms of visual effects, plot settings, or character creation, they have sh","There is no doubt that this is a very good sci-fi movie. Whether it is in terms of visual effects, plot settings, or character creation, they have sh",20,2,消极,马来西亚,烂番茄,2023-02-01
The best I have seen in years !,The best I have seen in years !,17,2,消极,澳大利亚,烂番茄,2023-02-01
Love every minute of the movie and they did a good job of portraying how the earth will be in the future and mixing the true reality,Love every minute of the movie and they did a good job of portraying how the earth will be in the future and mixing the true reality,27,2,消极,新加坡,烂番茄,2023-02-01
"awesome movie, it is totally different prospect view of human future, strongly recommend, we, earth residents , now it is time to think about future ","awesome movie, it is totally different prospect view of human future, strongly recommend, we, earth residents , now it is time to think about future ",38,2,积极,英国,烂番茄,2023-02-01
Don't miss the Easter egg.,Don't miss the Easter egg.,10,2,消极,马来西亚,烂番茄,2023-02-01
This is the rise of Chinese sci-fi movies and a symbol of China's growing national power. I sincerely hope that China will have more and more high-qu,This is the rise of Chinese sci-fi movies and a symbol of China's growing national power. I sincerely hope that China will have more and more high-qu,13,2,消极,新加坡,烂番茄,2023-02-01
It exceed my expectations,It exceed my expectations,4,2,消极,新加坡,烂番茄,2023-02-01
"The space elevator, the development of digital life and the whole set up was just dazzling beautiful!","The space elevator, the development of digital life and the whole set up was just dazzling beautiful!",30,2,消极,英国,烂番茄,2023-02-01
Loved it! I saw the first one just had to see the second. It’s fast it’s action packed and a feast for the eyes. There are times when the story plays,Loved it! I saw the first one just had to see the second. It’s fast it’s action packed and a feast for the eyes. There are times when the story plays,6,2,消极,新加坡,烂番茄,2023-02-01
It's my favorite sci-fi movie now.,It's my favorite sci-fi movie now.,8,2,消极,南非,烂番茄,2023-02-01
"A very good movie, the movie world should not only Hollywood.","A very good movie, the movie world should not only Hollywood.",11,2,积极,新西兰,烂番茄,2023-02-01
"It's a new take on how we as humankind can unite and solve problem together. Instead of counting on some alcoholic ex-agent's self redemption, ppl wo","It's a new take on how we as humankind can unite and solve problem together. Instead of counting on some alcoholic ex-agent's self redemption, ppl wo",32,2,消极,加拿大,烂番茄,2023-02-01
"A total Frankenstein. Tedious and extremely long hours of nothing burger, with lots of scenes copied and tweaked from other sci-fi movies. Oh my gosh","A total Frankenstein. Tedious and extremely long hours of nothing burger, with lots of scenes copied and tweaked from other sci-fi movies. Oh my gosh",12,2,消极,加拿大,烂番茄,2023-02-01
Must see sci fi movie! Stunning visuals and deep philosophical messages!,Must see sci fi movie! Stunning visuals and deep philosophical messages!,31,2,消极,牙买加,烂番茄,2023-02-01
"A great film, its artistic achievement has surpassed Interstellar","A great film, its artistic achievement has surpassed Interstellar",21,2,消极,马来西亚,烂番茄,2023-02-01
Epic movie & A masterpiece.,Epic movie & A masterpiece.,8,2,积极,英国,烂番茄,2023-02-01
Definitely worth watching if you like science fiction movie.,Definitely worth watching if you like science fiction movie.,17,2,积极,新加坡,烂番茄,2023-02-01
"Amazing movie, love, family, mankind, sacrifice, all in one.","Amazing movie, love, family, mankind, sacrifice, all in one.",8,2,消极,新加坡,烂番茄,2023-02-01
"Ok film but not great either. Terrible pace,story & Editing. Confusing no logical structure (all over the place).I enjoyed the 1st one better. A sequ","Ok film but not great either. Terrible pace,story & Editing. Confusing no logical structure (all over the place).I enjoyed the 1st one better. A sequ",3,2,积极,牙买加,烂番茄,2023-02-01
Very proud of watching this movie in another country!,Very proud of watching this movie in another country!,29,2,中立,牙买加,烂番茄,2023-02-01
"Definitely make your 3 hours worth it,Really a good prequel movie, worth a look.","Definitely make your 3 hours worth it,Really a good prequel movie, worth a look.",29,2,中立,新西兰,烂番茄,2023-02-01
"this is the first time I consider sci-fi movie from China is world-class. Its predecessor, The Wandering Earth I is just okay, whereas this film is a","this is the first time I consider sci-fi movie from China is world-class. Its predecessor, The Wandering Earth I is just okay, whereas this film is a",3,2,消极,新西兰,烂番茄,2023-02-01
Fantastic! This Sci-Fi is not about countries hating each other but stand out together for mankind!,Fantastic! This Sci-Fi is not about countries hating each other but stand out together for mankind!,12,2,消极,牙买加,烂番茄,2023-02-01
Amazing! Very good sci-fi movie !,Amazing! Very good sci-fi movie !,37,2,消极,意大利,烂番茄,2023-02-01
It was so very cold in the Theater that I left after 30 minutes. I do not know how good the movie was. I entered bldg at 12:45 noon. The snack bar wa,It was so very cold in the Theater that I left after 30 minutes. I do not know how good the movie was. I entered bldg at 12:45 noon. The snack bar wa,9,2,消极,美国,烂番茄,2023-01-31
By far the best sci-fi film from anywhere in a long while. Almost non stop action sequences with big hearts. Saw it for the second time in 3 days and,By far the best sci-fi film from anywhere in a long while. Almost non stop action sequences with big hearts. Saw it for the second time in 3 days and,23,2,中立,英国,烂番茄,2023-01-31
"as good as the first movie, although it's quite long, there's not one moment where it's boring. things happen that you'd never expect","as good as the first movie, although it's quite long, there's not one moment where it's boring. things happen that you'd never expect",21,2,消极,爱尔兰,烂番茄,2023-01-31
"One of the best sci-fi moives, very enjoyable!","One of the best sci-fi moives, very enjoyable!",30,2,消极,新西兰,烂番茄,2023-01-31
"great movie! but too long, about 176 min!","great movie! but too long, about 176 min!",36,2,消极,澳大利亚,烂番茄,2023-01-31
"The CG and hard-core Sci-fi is absolutely top notch, without a doubt. A lot of the machines and devices in the movie are actually designed and made b","The CG and hard-core Sci-fi is absolutely top notch, without a doubt. A lot of the machines and devices in the movie are actually designed and made b",34,2,消极,新加坡,烂番茄,2023-01-31
This is a milestone in Chinese Sci-fi movie industry.,This is a milestone in Chinese Sci-fi movie industry.,20,2,消极,新西兰,烂番茄,2023-01-31
"It's amazing how much details in the movie, the BGM, the visual effects, the story are all impressive. It is so hardcore and so much details in it. I","It's amazing how much details in the movie, the BGM, the visual effects, the story are all impressive. It is so hardcore and so much details in it. I",32,2,消极,新加坡,烂番茄,2023-01-31
Something remarkable!!!!!!!!!!,Something remarkable!!!!!!!!!!,37,2,中立,澳大利亚,烂番茄,2023-01-31
Great movie! Touching storyline and great production. Hope there is another one coming out shortly,Great movie! Touching storyline and great production. Hope there is another one coming out shortly,25,2,消极,马来西亚,烂番茄,2023-01-31
"fantastic！but the three story lines are really comfusing,let alone the easter egg of the big boss AI","fantastic！but the three story lines are really comfusing,let alone the easter egg of the big boss AI",16,2,消极,爱尔兰,烂番茄,2023-01-31
Its a fast paced sci-fi movie. The movie itself is magnificent. Lots of effects and created multiple impressive wallpaper views. Also like the humor ,Its a fast paced sci-fi movie. The movie itself is magnificent. Lots of effects and created multiple impressive wallpaper views. Also like the humor ,14,2,消极,新西兰,烂番茄,2023-01-31
Thrilled! Absolutely recommend! Much much much better than Avatar 2. Love Sci-fi again!,Thrilled! Absolutely recommend! Much much much better than Avatar 2. Love Sci-fi again!,36,2,消极,英国,烂番茄,2023-01-31
"The most comprehensive science fiction film, far surpassing Avatar 2","The most comprehensive science fiction film, far surpassing Avatar 2",30,2,消极,马来西亚,烂番茄,2023-01-31
The best sci-fi movie in 2023,The best sci-fi movie in 2023,0,2,积极,澳大利亚,烂番茄,2023-01-31
钱有所值了，如果最好的理论学家指导就更好了,钱有所值了，如果最好的理论学家指导就更好了,4,2,积极,中国,烂番茄,2023-01-31
"I give it my highest praise! The CG quality, the plot, the scene all are top-notch! A must see movie! I give it 5 out of 5.","I give it my highest praise! The CG quality, the plot, the scene all are top-notch! A must see movie! I give it 5 out of 5.",21,2,消极,澳大利亚,烂番茄,2023-01-31
Already watched this movie twice at the theater. One of the best Chinese Movies I had ever seen!!,Already watched this movie twice at the theater. One of the best Chinese Movies I had ever seen!!,0,2,消极,新加坡,烂番茄,2023-01-31
Watched 3 times. A must-see. So astonishing and breathtaking!,Watched 3 times. A must-see. So astonishing and breathtaking!,9,2,消极,澳大利亚,烂番茄,2023-01-31
this is the best sci-fi movie. i like it,this is the best sci-fi movie. i like it,3,2,消极,新加坡,烂番茄,2023-01-31
very good.best science fiction film in recent decade.,very good.best science fiction film in recent decade.,36,2,消极,英国,烂番茄,2023-01-31
Very impressive 3-hour long movie but only felt like 2 hours long.,Very impressive 3-hour long movie but only felt like 2 hours long.,20,2,消极,马来西亚,烂番茄,2023-01-31
"Visually one of the best among all sci-fi movies, and a brand-new perspective on a disaster genre story.","Visually one of the best among all sci-fi movies, and a brand-new perspective on a disaster genre story.",35,2,消极,爱尔兰,烂番茄,2023-01-31
the best science fiction film in my mind.,the best science fiction film in my mind.,40,2,消极,澳大利亚,烂番茄,2023-01-31
its so different from Hollywood,its so different from Hollywood,36,2,中立,加拿大,烂番茄,2023-01-31
A milestone in Chinese science fiction cinema.,A milestone in Chinese science fiction cinema.,10,2,中立,新加坡,烂番茄,2023-01-31
This movie blew my mind. Watch it and you won't regret,This movie blew my mind. Watch it and you won't regret,33,2,消极,英国,烂番茄,2023-01-31
"It is great, I really like the story about Yaya and Moss. Moss made Yaya died to help Moss grow, whey Moss knows future? It is very interesting","It is great, I really like the story about Yaya and Moss. Moss made Yaya died to help Moss grow, whey Moss knows future? It is very interesting",30,2,消极,加拿大,烂番茄,2023-01-31
A fun watch - China #1,A fun watch - China #1,3,2,消极,澳大利亚,烂番茄,2023-01-31
It's a landmark of Chinese sci-fi movie. This is definitly one of the best sci-fi film I've ever seen! Only Interstellar and Matrix could match it. I,It's a landmark of Chinese sci-fi movie. This is definitly one of the best sci-fi film I've ever seen! Only Interstellar and Matrix could match it. I,31,2,消极,澳大利亚,烂番茄,2023-01-31
An important and indispensable sci-fi film in the world.,An important and indispensable sci-fi film in the world.,11,2,消极,马来西亚,烂番茄,2023-01-31
The plot is much deeper than Avatar,The plot is much deeper than Avatar,9,2,消极,澳大利亚,烂番茄,2023-01-31
"This is easily one of the best SciFi films in over a decade. From plot to character arc, fictional universe, acting and cinematography, everything wa","This is easily one of the best SciFi films in over a decade. From plot to character arc, fictional universe, acting and cinematography, everything wa",39,2,消极,加拿大,烂番茄,2023-01-30
A wonderful movie with mind blowing sci-fi imaginations,A wonderful movie with mind blowing sci-fi imaginations,3,2,积极,英国,烂番茄,2023-01-30
"n fact, after watching this prequel, watching the first Wandering Earth after would help you appreciate the 2019 movie more. Hope there's Wandering E","n fact, after watching this prequel, watching the first Wandering Earth after would help you appreciate the 2019 movie more. Hope there's Wandering E",11,2,消极,新西兰,烂番茄,2023-01-30
"Very strong sci-fi ideas, and I enjoys a lot.","Very strong sci-fi ideas, and I enjoys a lot.",26,2,消极,牙买加,烂番茄,2023-01-30
Stunningly gorgeous! It also has certain thresholds for the audience. You will definitely know how to appreciate it better if you have some basic sen,Stunningly gorgeous! It also has certain thresholds for the audience. You will definitely know how to appreciate it better if you have some basic sen,25,2,消极,爱尔兰,烂番茄,2023-01-30
I checked several reviews after I watched the movie. Funny how the only negative review commented it's China's propaganda of how China and Russia sav,I checked several reviews after I watched the movie. Funny how the only negative review commented it's China's propaganda of how China and Russia sav,29,2,消极,加拿大,烂番茄,2023-01-30
"In times of crisis, responsibility above all. This is a thought-provoking film that make you think no individual heroism just ordinary people who mak","In times of crisis, responsibility above all. This is a thought-provoking film that make you think no individual heroism just ordinary people who mak",2,2,消极,牙买加,烂番茄,2023-01-30
The best SciFi movie all over the world in last 5 years.,The best SciFi movie all over the world in last 5 years.,1,2,中立,加拿大,烂番茄,2023-01-30
best movie of this year!,best movie of this year!,20,2,积极,英国,烂番茄,2023-01-30
one of the best sci fi movies in my mind. im glad it happened in my life.,one of the best sci fi movies in my mind. im glad it happened in my life.,33,2,消极,马来西亚,烂番茄,2023-01-30
"I want to say that although the protagonist of this movie is Chinese. But the villains in the movie include Westerners and Easterners. Similarly, the","I want to say that although the protagonist of this movie is Chinese. But the villains in the movie include Westerners and Easterners. Similarly, the",39,2,中立,英国,烂番茄,2023-01-30
"As you can see,It is doubtless that the wandering earth 2 is an astonishing movie.i frown on personal attention.what is a hero?since all of us want t","As you can see,It is doubtless that the wandering earth 2 is an astonishing movie.i frown on personal attention.what is a hero?since all of us want t",12,2,消极,牙买加,烂番茄,2023-01-30
I am surprised by how the film tech in China has grown to such level.,I am surprised by how the film tech in China has grown to such level.,20,2,消极,牙买加,烂番茄,2023-01-30
A milestone in Chinese science fiction cinema.,A milestone in Chinese science fiction cinema.,39,2,中立,新加坡,烂番茄,2023-01-31
This movie blew my mind. Watch it and you won't regret,This movie blew my mind. Watch it and you won't regret,1,2,消极,美国,烂番茄,2023-01-31
"It is great, I really like the story about Yaya and Moss. Moss made Yaya died to help Moss grow, whey Moss knows future? It is very interesting","It is great, I really like the story about Yaya and Moss. Moss made Yaya died to help Moss grow, whey Moss knows future? It is very interesting",30,2,消极,爱尔兰,烂番茄,2023-01-31
A fun watch - China #1,A fun watch - China #1,15,2,消极,新加坡,烂番茄,2023-01-31
It's a landmark of Chinese sci-fi movie. This is definitly one of the best sci-fi film I've ever seen! Only Interstellar and Matrix could match it. I,It's a landmark of Chinese sci-fi movie. This is definitly one of the best sci-fi film I've ever seen! Only Interstellar and Matrix could match it. I,26,2,消极,爱尔兰,烂番茄,2023-01-31
An important and indispensable sci-fi film in the world.,An important and indispensable sci-fi film in the world.,35,2,消极,马来西亚,烂番茄,2023-01-31
The plot is much deeper than Avatar,The plot is much deeper than Avatar,19,2,消极,加拿大,烂番茄,2023-01-31
"This is easily one of the best SciFi films in over a decade. From plot to character arc, fictional universe, acting and cinematography, everything wa","This is easily one of the best SciFi films in over a decade. From plot to character arc, fictional universe, acting and cinematography, everything wa",30,2,消极,英国,烂番茄,2023-01-30
A wonderful movie with mind blowing sci-fi imaginations,A wonderful movie with mind blowing sci-fi imaginations,23,2,积极,新西兰,烂番茄,2023-01-30
"n fact, after watching this prequel, watching the first Wandering Earth after would help you appreciate the 2019 movie more. Hope there's Wandering E","n fact, after watching this prequel, watching the first Wandering Earth after would help you appreciate the 2019 movie more. Hope there's Wandering E",3,2,消极,美国,烂番茄,2023-01-30
"Very strong sci-fi ideas, and I enjoys a lot.","Very strong sci-fi ideas, and I enjoys a lot.",5,2,消极,牙买加,烂番茄,2023-01-30
Stunningly gorgeous! It also has certain thresholds for the audience. You will definitely know how to appreciate it better if you have some basic sen,Stunningly gorgeous! It also has certain thresholds for the audience. You will definitely know how to appreciate it better if you have some basic sen,10,2,消极,爱尔兰,烂番茄,2023-01-30
I checked several reviews after I watched the movie. Funny how the only negative review commented it's China's propaganda of how China and Russia sav,I checked several reviews after I watched the movie. Funny how the only negative review commented it's China's propaganda of how China and Russia sav,17,2,消极,英国,烂番茄,2023-01-30
"In times of crisis, responsibility above all. This is a thought-provoking film that make you think no individual heroism just ordinary people who mak","In times of crisis, responsibility above all. This is a thought-provoking film that make you think no individual heroism just ordinary people who mak",15,2,消极,澳大利亚,烂番茄,2023-01-30
The best SciFi movie all over the world in last 5 years.,The best SciFi movie all over the world in last 5 years.,37,2,中立,新西兰,烂番茄,2023-01-30
best movie of this year!,best movie of this year!,26,2,积极,牙买加,烂番茄,2023-01-30
one of the best sci fi movies in my mind. im glad it happened in my life.,one of the best sci fi movies in my mind. im glad it happened in my life.,5,2,消极,加拿大,烂番茄,2023-01-30
"I want to say that although the protagonist of this movie is Chinese. But the villains in the movie include Westerners and Easterners. Similarly, the","I want to say that although the protagonist of this movie is Chinese. But the villains in the movie include Westerners and Easterners. Similarly, the",40,2,中立,牙买加,烂番茄,2023-01-30
"As you can see,It is doubtless that the wandering earth 2 is an astonishing movie.i frown on personal attention.what is a hero?since all of us want t","As you can see,It is doubtless that the wandering earth 2 is an astonishing movie.i frown on personal attention.what is a hero?since all of us want t",38,2,消极,爱尔兰,烂番茄,2023-01-30
I am surprised by how the film tech in China has grown to such level.,I am surprised by how the film tech in China has grown to such level.,25,2,消极,牙买加,烂番茄,2023-01-30
"I love this movie!! Spoiler alert!!! I love the storyline and the way they show it during the whole three hours movie, especially getting more and mo","I love this movie!! Spoiler alert!!! I love the storyline and the way they show it during the whole three hours movie, especially getting more and mo",30,2,消极,美国,烂番茄,2023-01-30
Watched lasted night. Mind-blowingly good! A must-see.,Watched lasted night. Mind-blowingly good! A must-see.,7,2,消极,爱尔兰,烂番茄,2023-01-30
This is the best science fiction film I have seen in the past two years:),This is the best science fiction film I have seen in the past two years:),39,2,消极,加拿大,烂番茄,2023-01-30
Great Movie. The three storylines are incredible especially the data scientist and government ones. I watched it twice. I found more interesting deta,Great Movie. The three storylines are incredible especially the data scientist and government ones. I watched it twice. I found more interesting deta,16,2,消极,美国,烂番茄,2023-01-30
A masterpiece. Makes you really think about what humans are doing and should be doing.,A masterpiece. Makes you really think about what humans are doing and should be doing.,28,2,中立,美国,烂番茄,2023-01-30
"This may sound like a critique, but this prequel is more like a standard popcorn movie than the first volume and it is now worth a view imo for peopl","This may sound like a critique, but this prequel is more like a standard popcorn movie than the first volume and it is now worth a view imo for peopl",40,2,消极,牙买加,烂番茄,2023-01-30
"This sci-fi movie shows higher level than its first one, surpassing most of the Hallywood movies which are boring and lack of story. This movie expre","This sci-fi movie shows higher level than its first one, surpassing most of the Hallywood movies which are boring and lack of story. This movie expre",24,2,消极,加拿大,烂番茄,2023-01-30
"To be honest, the mechanical special effects of Wandering Earth 2 have reached Hollywood standards, but the human special effects are still far from ","To be honest, the mechanical special effects of Wandering Earth 2 have reached Hollywood standards, but the human special effects are still far from ",5,2,消极,爱尔兰,烂番茄,2023-01-30
"I watched this movie last night, I have to say I love it. The scene is great and the more important is what we should do facing the global disaster 1","I watched this movie last night, I have to say I love it. The scene is great and the more important is what we should do facing the global disaster 1",10,2,消极,新西兰,烂番茄,2023-01-30
"The spirits conveyed in TWE2 can be summed up in 2 sentences: 1. When disaster comes, there is no superhero to save us, however, if we are in solidar","The spirits conveyed in TWE2 can be summed up in 2 sentences: 1. When disaster comes, there is no superhero to save us, however, if we are in solidar",8,2,消极,澳大利亚,烂番茄,2023-01-30
It has my mother tongue. Also the storyline is great.,It has my mother tongue. Also the storyline is great.,3,2,消极,美国,烂番茄,2023-01-30
It's hard to believe it's made by China. It's a really good sci-fi movie I have seen recently. Cooperation is better than hero himself. Hope all peop,It's hard to believe it's made by China. It's a really good sci-fi movie I have seen recently. Cooperation is better than hero himself. Hope all peop,5,2,消极,英国,烂番茄,2023-01-30
Watched this movie last night. Amazing visual and story!,Watched this movie last night. Amazing visual and story!,28,2,积极,马来西亚,烂番茄,2023-01-30
"This film records the progress of Chinese film from 0 to 1, which is cross-age in every sense. It perfectly embodies the spirit of collectivism and s","This film records the progress of Chinese film from 0 to 1, which is cross-age in every sense. It perfectly embodies the spirit of collectivism and s",33,2,消极,新西兰,烂番茄,2023-01-30
Better than Avatar lol,Better than Avatar lol,40,2,消极,美国,烂番茄,2023-01-30
Even much better than wandering earth 1!,Even much better than wandering earth 1!,26,2,消极,新加坡,烂番茄,2023-01-30
definitely deserve a 5 star.,definitely deserve a 5 star.,22,2,消极,加拿大,烂番茄,2023-01-30
The film is so great!!! I really enjoyed it.,The film is so great!!! I really enjoyed it.,8,2,消极,澳大利亚,烂番茄,2023-01-30
I watch it three times!!!!Gonna give it the fourth time this weekend! Everyone should watch it! The mankind save themselves!!,I watch it three times!!!!Gonna give it the fourth time this weekend! Everyone should watch it! The mankind save themselves!!,7,2,消极,牙买加,烂番茄,2023-01-30
Pretty surprised that it's better than the first movie.,Pretty surprised that it's better than the first movie.,30,2,消极,美国,烂番茄,2023-01-30
"Easily one of the best hardcore Sci-fi movies in the past few years. Great visual effects, good soundtracks, ambitious and interesting storylines, th","Easily one of the best hardcore Sci-fi movies in the past few years. Great visual effects, good soundtracks, ambitious and interesting storylines, th",13,2,消极,马来西亚,烂番茄,2023-01-30
"This prequel is much improved from the first. Even though this movie has more storylines, each one is delivered more impactfully with great performan","This prequel is much improved from the first. Even though this movie has more storylines, each one is delivered more impactfully with great performan",31,2,消极,新加坡,烂番茄,2023-01-30
"It is a great Si-fi movie, in every way. I also like the value that it delivers—— let human beings unite together for survival.","It is a great Si-fi movie, in every way. I also like the value that it delivers—— let human beings unite together for survival.",8,2,消极,美国,烂番茄,2023-01-30
A very well filmed sci-fi movie talking about a worldwide story in a new style.,A very well filmed sci-fi movie talking about a worldwide story in a new style.,4,2,中立,美国,烂番茄,2023-01-30
Overall a very good sci-fi movie. Different from the mainstream Hollywood blockbuster with no super heroes saving the world. The story is about the c,Overall a very good sci-fi movie. Different from the mainstream Hollywood blockbuster with no super heroes saving the world. The story is about the c,25,2,消极,加拿大,烂番茄,2023-01-30
"Spectacular scenes + moving stories + multidimensional characters = 5 stars, going to watch again, last time I watched a movie twice in the theater w","Spectacular scenes + moving stories + multidimensional characters = 5 stars, going to watch again, last time I watched a movie twice in the theater w",12,2,消极,英国,烂番茄,2023-01-30
"This is a wonderful movie with it's plot, innovation, new technology and humanity!","This is a wonderful movie with it's plot, innovation, new technology and humanity!",37,2,消极,爱尔兰,烂番茄,2023-01-29
Fantastic movie and huge investment. The movie tells about human biggest relocation for next 2500 years with 100 generations. It shows the importance,Fantastic movie and huge investment. The movie tells about human biggest relocation for next 2500 years with 100 generations. It shows the importance,22,2,积极,马来西亚,烂番茄,2023-01-29
"New type of si-fi movie, a si-fi chronicle, quite refreshing watching collective heroism instead of personal heroism. It makes you feel human are so ","New type of si-fi movie, a si-fi chronicle, quite refreshing watching collective heroism instead of personal heroism. It makes you feel human are so ",33,2,消极,澳大利亚,烂番茄,2023-01-29
Movies on the same level as Interstellar.,Movies on the same level as Interstellar.,11,2,消极,牙买加,烂番茄,2023-01-29
"The best sci-fi movie in recent years, better than Avatar 2 !","The best sci-fi movie in recent years, better than Avatar 2 !",19,2,消极,爱尔兰,烂番茄,2023-01-29
"I just want to say : The vision, horizon, pattern, and setup in the Wandering Earth 2 have never been showed in Hollywood history!","I just want to say : The vision, horizon, pattern, and setup in the Wandering Earth 2 have never been showed in Hollywood history!",2,2,消极,澳大利亚,烂番茄,2023-01-29
"After suffering Avatar2, this is definitely a great comfort.","After suffering Avatar2, this is definitely a great comfort.",3,2,消极,新西兰,烂番茄,2023-01-29
"Great production, great touching movie!","Great production, great touching movie!",28,2,消极,美国,烂番茄,2023-01-29
"So I'm giving it a 9, and it's truly the best sci-fi movie I've seen in 5 years. Maybe it leaves a lot to be desired, but it was, this is definitely ","So I'm giving it a 9, and it's truly the best sci-fi movie I've seen in 5 years. Maybe it leaves a lot to be desired, but it was, this is definitely ",15,2,消极,马来西亚,烂番茄,2023-01-29
It is a brand new type of sci-fi combined with a disaster movie. The film itself is excellent in the graphical display of what heavy industry work/ma,It is a brand new type of sci-fi combined with a disaster movie. The film itself is excellent in the graphical display of what heavy industry work/ma,9,2,消极,爱尔兰,烂番茄,2023-01-29
This is a very good movie. The grand scene is different from the collectivism spirit of Hollywood. It is very worthy of recommendation.,This is a very good movie. The grand scene is different from the collectivism spirit of Hollywood. It is very worthy of recommendation.,17,2,消极,新西兰,烂番茄,2023-01-29
"迷うとき,辛いとき,この大きな世界観を持つ動画を見ると,すっかり感動することになる。","迷うとき,辛いとき,この大きな世界観を持つ動画を見ると,すっかり感動することになる。",26,2,积极,日本,烂番茄,2023-01-29
Absolutely masteroieces.Mast to see movie at 2023!!!,Absolutely masteroieces.Mast to see movie at 2023!!!,17,2,积极,美国,烂番茄,2023-01-29
"The details of the movie are beyond imagination, and many foreign movie viewers simply don't understand it.","The details of the movie are beyond imagination, and many foreign movie viewers simply don't understand it.",36,2,积极,美国,烂番茄,2023-01-29
"This is a high-quality hardcore sci-fi, which are rare to see these days. However, character development is subpar.","This is a high-quality hardcore sci-fi, which are rare to see these days. However, character development is subpar.",3,2,消极,新加坡,烂番茄,2023-01-29
Humanity will never faded,Humanity will never faded,25,2,中立,美国,烂番茄,2023-01-29
"After watching the movie, I really felt the true meaning of the community of human destiny. When I was crying and watching detonate the nuclear bomb,","After watching the movie, I really felt the true meaning of the community of human destiny. When I was crying and watching detonate the nuclear bomb,",35,2,消极,爱尔兰,烂番茄,2023-01-29
i like it.Definitely worth watching. Far more than other science fiction films of recent years. Liu Cixin's novels always give people a cold feeling.,i like it.Definitely worth watching. Far more than other science fiction films of recent years. Liu Cixin's novels always give people a cold feeling.,1,2,消极,美国,烂番茄,2023-01-29
"Complex storylines with impactful special effects, very enjoyable. I love how people from all over the world coming together making sacrifice to save","Complex storylines with impactful special effects, very enjoyable. I love how people from all over the world coming together making sacrifice to save",36,2,消极,马来西亚,烂番茄,2023-01-29
"Saving the world should be join effort of huan beings,but personal heroism","Saving the world should be join effort of huan beings,but personal heroism",21,2,消极,牙买加,烂番茄,2023-01-29
Definitely a milestone for Chinese sci-fi flims,Definitely a milestone for Chinese sci-fi flims,12,2,消极,马来西亚,烂番茄,2023-01-29
I cried when the senior guy said pilots over 50 stand out. Absolutely its an amazing story and I think our human should stick together. Good job! And,I cried when the senior guy said pilots over 50 stand out. Absolutely its an amazing story and I think our human should stick together. Good job! And,20,2,消极,英国,烂番茄,2023-01-29
只能说牛逼，好莱坞什么的去死吧，都看不得中国科幻电影强大了？,只能说牛逼，好莱坞什么的去死吧，都看不得中国科幻电影强大了？,29,2,积极,中国,烂番茄,2023-01-29
"It's a Si-fi movie, but everything happened in the movie just make me think of everything happening around us today. During the time of crisis, like ","It's a Si-fi movie, but everything happened in the movie just make me think of everything happening around us today. During the time of crisis, like ",4,2,消极,英国,烂番茄,2023-01-29
中国科幻史的又一里程碑，尽管之前的里程碑是由1创造的！,中国科幻史的又一里程碑，尽管之前的里程碑是由1创造的！,27,2,积极,中国,烂番茄,2023-01-29
Greatest movie in Chinese history.,Greatest movie in Chinese history.,8,2,积极,意大利,烂番茄,2023-01-29
"Definitely worth the watch. If you're having trouble choosing a movie to watch for lunar/chinese new year, this is it.","Definitely worth the watch. If you're having trouble choosing a movie to watch for lunar/chinese new year, this is it.",6,2,消极,马来西亚,烂番茄,2023-01-29
"Hollywood will never make this kind of movie，What impressed me most is not the picture of the film, but its spiritual core！ MUST see！","Hollywood will never make this kind of movie，What impressed me most is not the picture of the film, but its spiritual core！ MUST see！",12,2,消极,马来西亚,烂番茄,2023-01-29
Excellent visual effect and storyline! The best sci-fi movie in recent years!,Excellent visual effect and storyline! The best sci-fi movie in recent years!,12,2,积极,爱尔兰,烂番茄,2023-01-29
"I wish it could be shown in imax theatres in my city. Everything is great, and 3 hours just flew by.","I wish it could be shown in imax theatres in my city. Everything is great, and 3 hours just flew by.",31,2,消极,加拿大,烂番茄,2023-01-29
Top notch CGI Director Gwo try a documentary ways to tell a story. Realistic. No emphasis on personal heroism(Lead role only playing a small part in ,Top notch CGI Director Gwo try a documentary ways to tell a story. Realistic. No emphasis on personal heroism(Lead role only playing a small part in ,38,2,消极,加拿大,烂番茄,2023-01-29
"Movies of the year, a milestone of Chinese filmmaking.","Movies of the year, a milestone of Chinese filmmaking.",32,2,消极,牙买加,烂番茄,2023-01-29
it is the best sci-fi movie in recent years! and the story is so wonderful! there's even a hidden line : when the Chinese leader shouts ignition in t,it is the best sci-fi movie in recent years! and the story is so wonderful! there's even a hidden line : when the Chinese leader shouts ignition in t,15,2,消极,美国,烂番茄,2023-01-29
Great movie with awesome CGI.,Great movie with awesome CGI.,12,2,积极,新加坡,烂番茄,2023-01-29
The BEST science fiction film in recent years,The BEST science fiction film in recent years,25,2,消极,爱尔兰,烂番茄,2023-01-29
Stellar visuals & moving plot,Stellar visuals & moving plot,24,2,积极,加拿大,烂番茄,2023-01-29
"Great Movie, worth to watch!","Great Movie, worth to watch!",25,2,积极,爱尔兰,烂番茄,2023-01-29
"Finally, it was not Americans rescued the earth.","Finally, it was not Americans rescued the earth.",11,2,消极,爱尔兰,烂番茄,2023-01-29
Like the human solaridity idea special effects are good.,Like the human solaridity idea special effects are good.,7,2,消极,爱尔兰,烂番茄,2023-01-29
Unbelievable! such a massive improvement in the Chinese movie industry.,Unbelievable! such a massive improvement in the Chinese movie industry.,29,2,积极,马来西亚,烂番茄,2023-01-29
Amazing!!! A milestone of chinese science fiction movie.,Amazing!!! A milestone of chinese science fiction movie.,2,2,消极,澳大利亚,烂番茄,2023-01-28
Great disaster movie. The only thing I don't like is the confusing background. It should get a VO to explain why they are doing these things.,Great disaster movie. The only thing I don't like is the confusing background. It should get a VO to explain why they are doing these things.,29,2,消极,爱尔兰,烂番茄,2023-01-28
"400 pages worth of information condensed into a 3 hours narrative. Packed with stunning visual/audio effects and dimensions of details, TWE 2 is defi","400 pages worth of information condensed into a 3 hours narrative. Packed with stunning visual/audio effects and dimensions of details, TWE 2 is defi",3,2,消极,美国,烂番茄,2023-01-28
I watched it yesterday! I will watch it AGAIN!,I watched it yesterday! I will watch it AGAIN!,14,2,消极,澳大利亚,烂番茄,2023-01-28
One thing I absolutely love about #TheWanderingEarth2 is how it paid respect to the Russia /Soviet space scientists. When Hollywood either downplays ,One thing I absolutely love about #TheWanderingEarth2 is how it paid respect to the Russia /Soviet space scientists. When Hollywood either downplays ,21,2,消极,马来西亚,烂番茄,2023-01-28
"The plot is definitely mesmerizing. It feels so alive. Although it is questionable for some decision-making and setting, but it's a great breakthroug","The plot is definitely mesmerizing. It feels so alive. Although it is questionable for some decision-making and setting, but it's a great breakthroug",4,2,消极,新西兰,烂番茄,2023-01-28
"Even though I prefer the 1st one more, but the second volume is still a very good movie","Even though I prefer the 1st one more, but the second volume is still a very good movie",29,2,消极,澳大利亚,烂番茄,2023-01-28
"A futuristic epic of humanity's salvation retold as if it was historical account. The movie's audacious style of narrative is unique to its kind, unf","A futuristic epic of humanity's salvation retold as if it was historical account. The movie's audacious style of narrative is unique to its kind, unf",36,2,消极,马来西亚,烂番茄,2023-01-28
"A very shocking sci-fi movie, and also a milestone of Chinese movies, it can compete with Hollywood blockbusters, Chinese movies come on!","A very shocking sci-fi movie, and also a milestone of Chinese movies, it can compete with Hollywood blockbusters, Chinese movies come on!",21,2,消极,澳大利亚,烂番茄,2023-01-28
Truly an awesome film. Even better than the first one.,Truly an awesome film. Even better than the first one.,36,2,消极,澳大利亚,烂番茄,2023-01-28
"Excellent story, full of imagination.","Excellent story, full of imagination.",36,2,消极,牙买加,烂番茄,2023-01-28
Let's unite!.Build the future of mankind together!,Let's unite!.Build the future of mankind together!,25,2,消极,马来西亚,烂番茄,2023-01-28
A movie that shows the true nature of mankind!,A movie that shows the true nature of mankind!,14,2,积极,新西兰,烂番茄,2023-01-28
"Unlike old-fashioned American individual heroism, there is an alternative value on offer: collectivism, sacrifice, and a community of shared future f","Unlike old-fashioned American individual heroism, there is an alternative value on offer: collectivism, sacrifice, and a community of shared future f",14,2,消极,澳大利亚,烂番茄,2023-01-28
