content,translated,likes,workId,sentiment,country,platform,postTime
上備分到W550的圖恒宇還是己經死的圖恒宇嗎？,上備分到W550的圖恒宇還是己經死的圖恒宇嗎？,0,4,消极,中国,Youtube,2023-07-24
一個掃盲的三流科幻小說搭上民族納粹主義的順風車吹得飛起,一個掃盲的三流科幻小說搭上民族納粹主義的順風車吹得飛起,0,4,积极,中国,Youtube,2023-07-19
这个稀泥让你和的也是没谁了，评论的什么玩意儿,这个稀泥让你和的也是没谁了，评论的什么玩意儿,0,4,消极,中国,Youtube,2023-07-16
外国的科幻哪怕是优秀如普罗米修斯，也是把宗教作为最深的内核和终点，让无神论的观众无法产生共情。更多的是基于时间穿越和多重宇宙搞到最后坑填不上导致烂尾。流浪地球的宇宙建立在科技和人类本身，讲故事难度很大，但内核很硬不易崩塌。,外国的科幻哪怕是优秀如普罗米修斯，也是把宗教作为最深的内核和终点，让无神论的观众无法产生共情。更多的是基于时间穿越和多重宇宙搞到最后坑填不上导致烂尾。流浪地球的宇宙建立在科技和人类本身，讲故事难度很大，但内核很硬不易崩塌。,0,4,积极,中国,Youtube,2023-07-15
很多观点实在不敢苟同,很多观点实在不敢苟同,0,4,消极,中国,Youtube,2023-07-13
550W 反过来看就是MOSS,550W 反过来看就是MOSS,1,4,中立,中国,Youtube,2023-07-11
流浪地球1还有一个变量，就是把伏特加带上飞船的俄罗斯人,流浪地球1还有一个变量，就是把伏特加带上飞船的俄罗斯人,0,4,积极,中国,Youtube,2023-07-03
流浪地球2是一顿丰盛的精神盛宴，看完后意犹未竟，嘴角余味一个月未去。希望中国导演制片人都争气，少搞一些烂片。,流浪地球2是一顿丰盛的精神盛宴，看完后意犹未竟，嘴角余味一个月未去。希望中国导演制片人都争气，少搞一些烂片。,0,4,积极,中国,Youtube,2023-07-03
太期待流浪地球3/黑暗法則的劇情拍攝，,太期待流浪地球3/黑暗法則的劇情拍攝，,0,4,积极,中国,Youtube,2023-06-24
在電影院看時太感動。那科幻，太震撼得畫面，中國也能拍攝出這種級別得科幻電影數字計劃，為何反對因為人類已經沒有實體了，對進化人性已經抹除了毫無意義！,在電影院看時太感動。那科幻，太震撼得畫面，中國也能拍攝出這種級別得科幻電影數字計劃，為何反對因為人類已經沒有實體了，對進化人性已經抹除了毫無意義！,2,4,消极,中国,Youtube,2023-06-24
在極端的環境下，人類會等死，還是團結一起？這人工智能經過  從誕生人類到現在的文明，已經知道人類只有在人類滅絕危機時才會逼人類團結一致，破滅危機！不然只有滅絕的未來,在極端的環境下，人類會等死，還是團結一起？這人工智能經過  從誕生人類到現在的文明，已經知道人類只有在人類滅絕危機時才會逼人類團結一致，破滅危機！不然只有滅絕的未來,0,4,消极,中国,Youtube,2023-06-24
大聪终于记起来星际穿越了 ,大聪终于记起来星际穿越了 ,0,4,积极,中国,Youtube,2023-06-22
咋说呢，感觉大刘可能没想那么多哈哈哈哈哈，电梯做的太棒了,咋说呢，感觉大刘可能没想那么多哈哈哈哈哈，电梯做的太棒了,0,4,积极,中国,Youtube,2023-06-21
超好看 看完2又回去看ㄧ次1 然後馬上看大聰解說 舒暢,超好看 看完2又回去看ㄧ次1 然後馬上看大聰解說 舒暢,0,4,积极,中国,Youtube,2023-06-20
太讚了,太讚了,1,4,消极,中国,Youtube,2023-06-19
MOD今天可免費看流浪地球2了、在家用75吋爽看,MOD今天可免費看流浪地球2了、在家用75吋爽看,0,4,积极,中国,Youtube,2023-06-18
如果没有时空穿越，但是有预测未来和量子电脑的话，也许是《镜子》？,如果没有时空穿越，但是有预测未来和量子电脑的话，也许是《镜子》？,0,4,积极,中国,Youtube,2023-06-13
"太棒了，中國，太棒了！這甚至不是關於這部電影的語義負載，這不是科幻小說的極限，我們對你有更多的期望。 作為前蘇聯公民，現在是俄羅斯公民，我堅信真正的科幻小說應該代表國際社會發言。 而你展示它，不像同一個好萊塢。 雖然曾經他也能表現出類似的態度，但他的日子已經一去不復返了。 更高質量的電影，比圖形","太棒了，中國，太棒了！這甚至不是關於這部電影的語義負載，這不是科幻小說的極限，我們對你有更多的期望。 作為前蘇聯公民，現在是俄羅斯公民，我堅信真正的科幻小說應該代表國際社會發言。 而你展示它，不像同一個好萊塢。 雖然曾經他也能表現出類似的態度，但他的日子已經一去不復返了。 更高質量的電影，比圖形",3,4,消极,中国,Youtube,2023-06-10
如果过去现在和未来能通过超级人工智能预测并且干预， 那世界万物的滋生和湮灭岂非都是定论？你预测到了危机，回去解决了危机， 那么危机本身，和解决危机的行为到底是不是必然发生的呢？如果所有的所有都是必然的，那任何事都没有意义了，顺其自然即可， 这种宿命论我觉得是种思维悖论，终究会走入死循环中。,如果过去现在和未来能通过超级人工智能预测并且干预， 那世界万物的滋生和湮灭岂非都是定论？你预测到了危机，回去解决了危机， 那么危机本身，和解决危机的行为到底是不是必然发生的呢？如果所有的所有都是必然的，那任何事都没有意义了，顺其自然即可， 这种宿命论我觉得是种思维悖论，终究会走入死循环中。,0,4,积极,中国,Youtube,2023-06-02
制作水平完美啊，感谢大聪的解析，带着地球去流浪。。。,制作水平完美啊，感谢大聪的解析，带着地球去流浪。。。,0,4,积极,中国,Youtube,2023-06-01
直接把那些示威的反人类恐怖份子枪毙，社会就和谐了,直接把那些示威的反人类恐怖份子枪毙，社会就和谐了,0,4,积极,中国,Youtube,2023-05-31
大聪有用到chatgpt分析可能性吗？,大聪有用到chatgpt分析可能性吗？,0,4,积极,中国,Youtube,2023-05-30
上傳YY意識的550W不是離線版嗎? 面試時說的怎麼就去影響到月球發動機了,上傳YY意識的550W不是離線版嗎? 面試時說的怎麼就去影響到月球發動機了,0,4,消极,中国,Youtube,2023-05-24
多少神经元就可以产生意识？昆虫有意识吗？,多少神经元就可以产生意识？昆虫有意识吗？,0,4,积极,中国,Youtube,2023-05-22
我觉得不值得这点播放量,我觉得不值得这点播放量,0,4,积极,中国,Youtube,2023-05-21
实在看不下去原片，bug太强大，物理上完全说不通。拍电影也没有考虑把bug修复一下，直接在千疮百孔的设定上就铺开了，时刻怀疑我在看的这是个啥,实在看不下去原片，bug太强大，物理上完全说不通。拍电影也没有考虑把bug修复一下，直接在千疮百孔的设定上就铺开了，时刻怀疑我在看的这是个啥,1,4,消极,中国,Youtube,2023-05-20
沒有開運礦車要花600兆年才學會的設定,沒有開運礦車要花600兆年才學會的設定,0,4,消极,中国,Youtube,2023-05-16
特效对国产来说有很大提高，剧情感觉是一段一段生硬拼凑的。,特效对国产来说有很大提高，剧情感觉是一段一段生硬拼凑的。,0,4,积极,中国,Youtube,2023-05-13
之前看了大聰的解說，所以決定看完片，然後回來再看一次你的解説,之前看了大聰的解說，所以決定看完片，然後回來再看一次你的解説,0,4,积极,中国,Youtube,2023-05-11
哎呀主播这个 啊044，啊058，啊078，啊0750啊15... 真是听得头疼。不过内容挺好呢我对周说的 “没有人的文明，毫无意义”持不同的意见，数字人类能延续躯体死亡之前的意识，那550w之后的系统再更新就不止到70岁了，几百岁也完全可能，思想和意识甚至会超越有躯体时的人的高度和长度。就算对这,哎呀主播这个 啊044，啊058，啊078，啊0750啊15... 真是听得头疼。不过内容挺好呢我对周说的 “没有人的文明，毫无意义”持不同的意见，数字人类能延续躯体死亡之前的意识，那550w之后的系统再更新就不止到70岁了，几百岁也完全可能，思想和意识甚至会超越有躯体时的人的高度和长度。就算对这,0,4,积极,中国,Youtube,2023-05-06
剛看完球2，馬上來看大聰解析太過癮！,剛看完球2，馬上來看大聰解析太過癮！,0,4,中立,中国,Youtube,2023-05-06
劉慈欣的科幻小說其實科幻外衣文革核心,劉慈欣的科幻小說其實科幻外衣文革核心,0,4,积极,中国,Youtube,2023-05-05
这种烂电影，就不要解析了,这种烂电影，就不要解析了,1,4,积极,中国,Youtube,2023-04-30
我的理解moss的意思应该是时间不存在，过去现在未来都是一体的，最后也出现图和丫丫的重影和无数小房间，就像星际穿越里展现的那样，所以对moss来说“死亡”和“已经”的概念就不一样了，信息大概率是图发的，而现实中收到信息时，图还没死，也是这个原因，时间不存在。,我的理解moss的意思应该是时间不存在，过去现在未来都是一体的，最后也出现图和丫丫的重影和无数小房间，就像星际穿越里展现的那样，所以对moss来说“死亡”和“已经”的概念就不一样了，信息大概率是图发的，而现实中收到信息时，图还没死，也是这个原因，时间不存在。,0,4,积极,中国,Youtube,2023-04-30
虽然有一半观点我都不同意 但是还是很喜欢这样的脑洞,虽然有一半观点我都不同意 但是还是很喜欢这样的脑洞,0,4,中立,中国,Youtube,2023-04-28
大聰出品，必屬精品！  謝謝你的聲音陪伴我半夜寫文案的時間。,大聰出品，必屬精品！  謝謝你的聲音陪伴我半夜寫文案的時間。,1,4,消极,中国,Youtube,2023-04-26
550W倒过来就是MOSS,550W倒过来就是MOSS,2,4,消极,中国,Youtube,2023-04-26
550W就是MOSS，把字反过来看。,550W就是MOSS，把字反过来看。,2,4,中立,中国,Youtube,2023-04-26
你能吹两万字的彩虹屁也挺厉害的。,你能吹两万字的彩虹屁也挺厉害的。,0,4,消极,中国,Youtube,2023-04-25
機房泡水泡滿可以修復？核彈交出來不給密碼要硬解好幾天？這……加油呀！,機房泡水泡滿可以修復？核彈交出來不給密碼要硬解好幾天？這……加油呀！,0,4,消极,中国,Youtube,2023-04-25
550W 在丫丫上傳後的1.7秒後就讓月球推進器過載，個人感覺這1.7秒是有跡可循的。地月平均距離是384401km，光從地球到月球需約1.28秒，發送丫丫意識到月球是靠電磁波（電磁波在真空中傳播的速度等於光速），而且第一部說過Moss演算地球撞木星全過程只用了0.42秒，如果把演算時間加上電磁波,550W 在丫丫上傳後的1.7秒後就讓月球推進器過載，個人感覺這1.7秒是有跡可循的。地月平均距離是384401km，光從地球到月球需約1.28秒，發送丫丫意識到月球是靠電磁波（電磁波在真空中傳播的速度等於光速），而且第一部說過Moss演算地球撞木星全過程只用了0.42秒，如果把演算時間加上電磁波,31,4,消极,中国,Youtube,2023-04-25
全網最精闢的流浪地球2解析 非常期待大聰出品的星際穿越 感謝～by the way 看完流浪地球2之後 馬上接著重溫了流浪地球1 發現在2的設定──全球發動機必須精準同步 否則地球將會被撕裂 但流浪地球1裡 發動機的重新啟動 顯然是有相當的時間差 不知是否為bug???,全網最精闢的流浪地球2解析 非常期待大聰出品的星際穿越 感謝～by the way 看完流浪地球2之後 馬上接著重溫了流浪地球1 發現在2的設定──全球發動機必須精準同步 否則地球將會被撕裂 但流浪地球1裡 發動機的重新啟動 顯然是有相當的時間差 不知是否為bug???,1,4,积极,中国,Youtube,2023-04-25
第一部真心一般 被一帮民族主义sb  视为天花板····无语 。我只能说 第二部才算是中国的第一部正经 科幻大片吧,第一部真心一般 被一帮民族主义sb  视为天花板····无语 。我只能说 第二部才算是中国的第一部正经 科幻大片吧,1,4,积极,中国,Youtube,2023-04-24
牛逼plus，我看完肝都快爆了,牛逼plus，我看完肝都快爆了,0,4,积极,中国,Youtube,2023-04-24
國際與台灣有上映嗎,國際與台灣有上映嗎,0,4,消极,中国,Youtube,2023-04-24
解说很好，就是广告太多了,解说很好，就是广告太多了,0,4,中立,中国,Youtube,2023-04-23
连解说听起来都很无聊，完全提不起兴趣看原片。,连解说听起来都很无聊，完全提不起兴趣看原片。,0,4,消极,中国,Youtube,2023-04-23
烂片,烂片,0,4,消极,中国,Youtube,2023-04-22
人类灭绝了，moss怎么生存？全靠机器人维持它的主机动力吗？,人类灭绝了，moss怎么生存？全靠机器人维持它的主机动力吗？,0,4,积极,中国,Youtube,2023-04-22
我觉得最大最明显最无处不在的彩蛋就是 HAL9000 的红眼睛,我觉得最大最明显最无处不在的彩蛋就是 HAL9000 的红眼睛,0,4,积极,中国,Youtube,2023-04-22
什么nt影片 如果周喆直是个美国人你会夸流浪地球是个好电影，但因为它是中国人拍的所以它不行，不符合你心中的要求。不过我也不太喜欢这电影的某些观念,什么nt影片 如果周喆直是个美国人你会夸流浪地球是个好电影，但因为它是中国人拍的所以它不行，不符合你心中的要求。不过我也不太喜欢这电影的某些观念,0,4,积极,中国,Youtube,2023-07-24
哈哈哈 硬黑,哈哈哈 硬黑,0,4,积极,中国,Youtube,2023-07-24
好病態的一部影片！,好病態的一部影片！,0,4,消极,中国,Youtube,2023-07-24
一个社会的文明程度取决于对弱者的态度，但刘确实是有点反着想的,一个社会的文明程度取决于对弱者的态度，但刘确实是有点反着想的,0,4,积极,中国,Youtube,2023-07-24
从来不看国产垃圾片,从来不看国产垃圾片,0,4,中立,中国,Youtube,2023-07-22
能不能讲一下日本排放核污水的事,能不能讲一下日本排放核污水的事,1,4,消极,中国,Youtube,2023-07-21
台湾人来救？美国人来救？政治正确来救？,台湾人来救？美国人来救？政治正确来救？,0,4,积极,中国,Youtube,2023-07-20
无意中看到这5个月之前的视频，然后发现好多酸水啊。既然这么讨厌中国讨厌刘慈欣，却又跑来看这个视频，还发表长篇大论，是因为精神分裂吗？你看我基本不关心台湾，我看YT就不会去看跟台湾日常有关的东西，很少。,无意中看到这5个月之前的视频，然后发现好多酸水啊。既然这么讨厌中国讨厌刘慈欣，却又跑来看这个视频，还发表长篇大论，是因为精神分裂吗？你看我基本不关心台湾，我看YT就不会去看跟台湾日常有关的东西，很少。,0,4,积极,中国,Youtube,2023-07-19
地球人到現在還沒滅絕，不應該相信黑暗森林,地球人到現在還沒滅絕，不應該相信黑暗森林,0,4,积极,中国,Youtube,2023-07-19
這部片給9分，很驚訝大陸可以拍出這麼好的科幻...格局利益真的太好了，與之相比阿凡達新片就黯淡了許多,這部片給9分，很驚訝大陸可以拍出這麼好的科幻...格局利益真的太好了，與之相比阿凡達新片就黯淡了許多,0,4,消极,中国,Youtube,2023-07-19
沒有第一集好看,沒有第一集好看,0,4,积极,中国,Youtube,2023-07-19
其實不用甚麼都噴吧,其實不用甚麼都噴吧,0,4,消极,中国,Youtube,2023-07-19
人家睡得好好的，你去叫醒他？不罵你，罵誰？美國拍魔戒就沒人去叫醒他？,人家睡得好好的，你去叫醒他？不罵你，罵誰？美國拍魔戒就沒人去叫醒他？,0,4,消极,中国,Youtube,2023-07-19
流浪地球里面那些种族歧视，性别歧视和反人类的台词。。。。我都怀疑拍摄团队是不是高级黑。。不然为什么军队要对机器狗说你怕不怕。。。。。。。,流浪地球里面那些种族歧视，性别歧视和反人类的台词。。。。我都怀疑拍摄团队是不是高级黑。。不然为什么军队要对机器狗说你怕不怕。。。。。。。,0,4,积极,中国,Youtube,2023-07-18
说好听点。你就跟现在那些二元分之论的人没有区别。他认为新时代所有人都是优秀的所有人都是完美的。但凡老一点你们都是不认可。不明白不了解家一派揣测和抹黑。但是怎么说呢？这重要吗？我们从来就没有在乎过你们。或者说本质上。用你刚才反驳的话是会达尔文主义又怎样？社会主义又怎样和谐主义又能怎样？各种你所谓的政,说好听点。你就跟现在那些二元分之论的人没有区别。他认为新时代所有人都是优秀的所有人都是完美的。但凡老一点你们都是不认可。不明白不了解家一派揣测和抹黑。但是怎么说呢？这重要吗？我们从来就没有在乎过你们。或者说本质上。用你刚才反驳的话是会达尔文主义又怎样？社会主义又怎样和谐主义又能怎样？各种你所谓的政,0,4,积极,中国,Youtube,2023-07-18
啊对对对，要不要你也讲讲愚公移山，精卫填海的不合理性，如此聪明的你应该能推翻这些故事吧,啊对对对，要不要你也讲讲愚公移山，精卫填海的不合理性，如此聪明的你应该能推翻这些故事吧,0,4,积极,中国,Youtube,2023-07-16
人类社会真是太复杂啦！！！,人类社会真是太复杂啦！！！,0,4,积极,中国,Youtube,2023-07-16
如果一个政权可以决定抽签杀死50%的人，那么一定会有额外的10%死于为剩下40%提供更好的生活条件。,如果一个政权可以决定抽签杀死50%的人，那么一定会有额外的10%死于为剩下40%提供更好的生活条件。,1,4,积极,中国,Youtube,2023-07-15
你也是中国人啦，台湾也是中国的一部分,你也是中国人啦，台湾也是中国的一部分,0,4,积极,中国,Youtube,2023-07-13
有一部分对,有一部分对,0,4,积极,中国,Youtube,2023-07-12
对于视频作者的理论，我只想说和平时期的温室里待久了，以为一切都是公平的。而且还是个历史遗忘者,对于视频作者的理论，我只想说和平时期的温室里待久了，以为一切都是公平的。而且还是个历史遗忘者,0,4,积极,中国,Youtube,2023-07-11
劉慈欣那叫奴性 人渣,劉慈欣那叫奴性 人渣,0,4,积极,中国,Youtube,2023-07-10
“毁灭你们，与你何干”是为了体现高维文明对低维文明的蔑视和傲慢，是两个文明的问题，不是文明内部的问题。,“毁灭你们，与你何干”是为了体现高维文明对低维文明的蔑视和傲慢，是两个文明的问题，不是文明内部的问题。,0,4,积极,中国,Youtube,2023-07-08
感觉流浪地球和流浪地球2这两部电影不是科幻片，而是脑残片。谁看了谁就脑残。,感觉流浪地球和流浪地球2这两部电影不是科幻片，而是脑残片。谁看了谁就脑残。,0,4,积极,中国,Youtube,2023-07-07
我觉得人性就是高于人类的，甚至是先于人类而存在的。人性不是人脑子里面短暂的空想，而是人类在生命历程中，在与世界互动的历史演化中，被世界打下的烙印。人类面对世界被触动，甚至一度在世界的表象背后朦胧感受到永恒真理的存在。虽然一代又一代人无法用短暂的一生与有限的智慧准确表达真理，但是在一生的重要时刻，人,我觉得人性就是高于人类的，甚至是先于人类而存在的。人性不是人脑子里面短暂的空想，而是人类在生命历程中，在与世界互动的历史演化中，被世界打下的烙印。人类面对世界被触动，甚至一度在世界的表象背后朦胧感受到永恒真理的存在。虽然一代又一代人无法用短暂的一生与有限的智慧准确表达真理，但是在一生的重要时刻，人,0,4,积极,中国,Youtube,2023-07-07
因为博主就是以批评中国为生的！换句话说，也是吃“中国”这碗饭的，方式是一边吃一边骂～,因为博主就是以批评中国为生的！换句话说，也是吃“中国”这碗饭的，方式是一边吃一边骂～,1,4,消极,中国,Youtube,2023-07-07
怎么 一到中国拯救世界 有些小岛上的人就坐不住了 非得是自己干爹救世界才是正道吗 笑死人,怎么 一到中国拯救世界 有些小岛上的人就坐不住了 非得是自己干爹救世界才是正道吗 笑死人,3,4,积极,中国,Youtube,2023-07-04
其实我还挺认同大刘的在危机时刻必须放弃人性，使用权威，和牺牲部分人成就集体的观点。现在最大的问题还是危机并不是外敌造成的,其实我还挺认同大刘的在危机时刻必须放弃人性，使用权威，和牺牲部分人成就集体的观点。现在最大的问题还是危机并不是外敌造成的,0,4,积极,中国,Youtube,2023-07-03
我在想，太阳氦闪  第一个发现的也是生物地质科学家啊，管政府有啥关系呢，竟然跟政府无关，那这部片政府和人民的强行矛盾又是哪来的呢相信政府相信党？影响生活的我还不如相信科学相信知识份子呢。。。。。,我在想，太阳氦闪  第一个发现的也是生物地质科学家啊，管政府有啥关系呢，竟然跟政府无关，那这部片政府和人民的强行矛盾又是哪来的呢相信政府相信党？影响生活的我还不如相信科学相信知识份子呢。。。。。,0,4,积极,中国,Youtube,2023-07-03
強者消滅弱者，與弱者何干。弱小是一種與生俱來的過錯，掌握力量，才能掌握規則，沒有力量，則受到他人的規則所限制。大部分人類是自私、自大的，如果出現二選一，你死我活的情況時，大部分人都會選擇尋找自己的出路，同時宣揚同歸於盡，這點不是臆測，是事實。你無法從 億 大群人中挑出所有有道德的人 ( 沒有上述行,強者消滅弱者，與弱者何干。弱小是一種與生俱來的過錯，掌握力量，才能掌握規則，沒有力量，則受到他人的規則所限制。大部分人類是自私、自大的，如果出現二選一，你死我活的情況時，大部分人都會選擇尋找自己的出路，同時宣揚同歸於盡，這點不是臆測，是事實。你無法從 億 大群人中挑出所有有道德的人 ( 沒有上述行,0,4,积极,中国,Youtube,2023-07-01
首先成本是11亿 dinner,首先成本是11亿 dinner,0,4,消极,中国,Youtube,2023-06-30
救一半死一半就跟國師李毅的理念相差無幾,救一半死一半就跟國師李毅的理念相差無幾,0,4,中立,中国,Youtube,2023-06-30
这个视频是先有观点后又论据的。,这个视频是先有观点后又论据的。,1,4,积极,中国,Youtube,2023-06-30
程心和最高执政官的话差距可大了,程心和最高执政官的话差距可大了,1,4,积极,中国,Youtube,2023-06-29
黑暗森林法则还有两个理论可以支撑，一个是技术大爆炸论，一个是猜疑链论,黑暗森林法则还有两个理论可以支撑，一个是技术大爆炸论，一个是猜疑链论,1,4,积极,中国,Youtube,2023-06-29
在創作的角度，領導總是只有在災難之前才會捨棄人性選擇獸性。但你想像的災難是世界末日，是殭屍瘟疫，是那種必須以命換命否則大家一起陪葬的極限場景。而對領導來說的災難是他下個禮拜買不起新的瑪莎拉蒂，沒錢幫移民到加拿大的兒子再買一棟用來開派對的別墅。領導的災難天天在發生，他天天都在為了解決他的災難不停地不,在創作的角度，領導總是只有在災難之前才會捨棄人性選擇獸性。但你想像的災難是世界末日，是殭屍瘟疫，是那種必須以命換命否則大家一起陪葬的極限場景。而對領導來說的災難是他下個禮拜買不起新的瑪莎拉蒂，沒錢幫移民到加拿大的兒子再買一棟用來開派對的別墅。領導的災難天天在發生，他天天都在為了解決他的災難不停地不,9,4,消极,中国,Youtube,2023-06-29
噢？我倒是很想知道当西方媒体把中国人刻画成傅满洲，上汽啥的你咋说,噢？我倒是很想知道当西方媒体把中国人刻画成傅满洲，上汽啥的你咋说,1,4,积极,中国,Youtube,2023-06-28
我讨厌流浪地球式的紧张，故意制造紧张感，但实际上是一坨屎。这种紧张做的太恶心了。,我讨厌流浪地球式的紧张，故意制造紧张感，但实际上是一坨屎。这种紧张做的太恶心了。,1,4,积极,中国,Youtube,2023-06-27
有一说一，第一部个人认为还是可以算是高分作品的，第二部就没看过了，主要是被舆论冲得反恶心了，得缓个几年才能有兴致。但是同期大刘的某真人电视剧是真的拍得好,有一说一，第一部个人认为还是可以算是高分作品的，第二部就没看过了，主要是被舆论冲得反恶心了，得缓个几年才能有兴致。但是同期大刘的某真人电视剧是真的拍得好,0,4,积极,中国,Youtube,2023-06-27
这解说笑死我，原以为有什么有趣点，原来外网中文特供解密版,这解说笑死我，原以为有什么有趣点，原来外网中文特供解密版,1,4,积极,中国,Youtube,2023-06-25
中共國會讓習皇帝玩死的，等著看唄，一個小學生靠鬥爭上位的獨裁政權，會讓中共國滅國的,中共國會讓習皇帝玩死的，等著看唄，一個小學生靠鬥爭上位的獨裁政權，會讓中共國滅國的,0,4,消极,中国,Youtube,2023-06-25
讓領導先走是謠言，人家是開會前說的，開完會領導先走，事實上發生火災後，他們是讓學生先走的，領導最後走的，被燒死了好幾個，你這個人蠻惡心的，成天講謠言，因為別人沒時間沒動力查你說的東西，所以你就成天胡說八道，反中反的連做人最基本的道德都沒有,讓領導先走是謠言，人家是開會前說的，開完會領導先走，事實上發生火災後，他們是讓學生先走的，領導最後走的，被燒死了好幾個，你這個人蠻惡心的，成天講謠言，因為別人沒時間沒動力查你說的東西，所以你就成天胡說八道，反中反的連做人最基本的道德都沒有,2,4,消极,中国,Youtube,2023-06-25
博主没有脑，讨厌来自德克萨斯,博主没有脑，讨厌来自德克萨斯,2,4,积极,中国,Youtube,2023-06-25
看流浪地球2看得想吐,看流浪地球2看得想吐,0,4,积极,中国,Youtube,2023-06-25
..................呃~這不是我要吐槽的地方..................呃~這不是我要吐槽的地方..................呃~這不是我要吐槽的地方..................,..................呃~這不是我要吐槽的地方..................呃~這不是我要吐槽的地方..................呃~這不是我要吐槽的地方..................,0,4,消极,中国,Youtube,2023-06-25
劉慈恩縱然已經拿過雨果獎，也沒能逃出抄襲的中國人天賦。流浪地球原來的故事大綱、甚至於拍攝手法都跟幾十年前日本的「妖星哥斯拉」雷同，就算出了續作仍只是抄襲後的產物，真是可悲又可恥。,劉慈恩縱然已經拿過雨果獎，也沒能逃出抄襲的中國人天賦。流浪地球原來的故事大綱、甚至於拍攝手法都跟幾十年前日本的「妖星哥斯拉」雷同，就算出了續作仍只是抄襲後的產物，真是可悲又可恥。,0,4,积极,中国,Youtube,2023-06-23
很符合中国人的社会 ，弱肉强食 跟丛林法则一样 不是说在欧美国家里就没有弱肉强食的状况 但是在发达国家里的民主社会相对的给予弱者更多的人权保障！,很符合中国人的社会 ，弱肉强食 跟丛林法则一样 不是说在欧美国家里就没有弱肉强食的状况 但是在发达国家里的民主社会相对的给予弱者更多的人权保障！,0,4,积极,中国,Youtube,2023-06-23
流浪地球2 超難看,流浪地球2 超難看,0,4,积极,中国,Youtube,2023-06-23
危机时刻只有集体主义才能生存这个确实没错啊，我不觉得一人一票在那里吵架能集中力量拯救人类,危机时刻只有集体主义才能生存这个确实没错啊，我不觉得一人一票在那里吵架能集中力量拯救人类,1,4,积极,中国,Youtube,2023-06-22
被抛弃的人都要死了，还会给能活着的干活让他们逃跑？还会在意有没有裆和核心儿的领导？还会在意那些想活的人的想法？,被抛弃的人都要死了，还会给能活着的干活让他们逃跑？还会在意有没有裆和核心儿的领导？还会在意那些想活的人的想法？,0,4,积极,中国,Youtube,2023-06-22
netflix會上嗎,netflix會上嗎,0,4,消极,中国,Youtube,2023-06-01
神作，比第一部好看,神作，比第一部好看,2,4,积极,中国,Youtube,2023-04-27
想看 但台灣沒有上QAQ,想看 但台灣沒有上QAQ,0,4,消极,中国,Youtube,2023-04-18
可以说汪帆是能掌握刘慈欣精粹的，刘慈欣的科幻点出的就是历史感，类似于中国古代历史一样严密的故事,可以说汪帆是能掌握刘慈欣精粹的，刘慈欣的科幻点出的就是历史感，类似于中国古代历史一样严密的故事,0,4,积极,中国,Youtube,2023-03-22
中国科幻里程碑作品。看了一遍觉得屏买小了。,中国科幻里程碑作品。看了一遍觉得屏买小了。,1,4,积极,中国,Youtube,2023-03-18
看完預告還是不知在演啥,看完預告還是不知在演啥,0,4,积极,中国,Youtube,2023-03-06
流浪地球1前段和中段有點枯燥乏味，希望2能有進步,流浪地球1前段和中段有點枯燥乏味，希望2能有進步,0,4,积极,中国,Youtube,2023-03-01
無諗過原來中國嘅科幻電影都拍得住荷里活，劇情環環相扣，格局之大實在震撼人心。劉老師嘅作品不愧係信心保證。值得一提，片中對細節嘅把握稱得上爐火純青，全片邏輯嚴密周全，甚少出現bug位，近年難得嘅佳作！除咗劇情，不得不提劃時代嘅特效畫面，精彩鏡頭一幕接一幕，當你以為呢一幕已經夠晒驚艷，佢竟然可以再黎一,無諗過原來中國嘅科幻電影都拍得住荷里活，劇情環環相扣，格局之大實在震撼人心。劉老師嘅作品不愧係信心保證。值得一提，片中對細節嘅把握稱得上爐火純青，全片邏輯嚴密周全，甚少出現bug位，近年難得嘅佳作！除咗劇情，不得不提劃時代嘅特效畫面，精彩鏡頭一幕接一幕，當你以為呢一幕已經夠晒驚艷，佢竟然可以再黎一,7,4,积极,中国,Youtube,2023-03-01
睇完第一次想睇imax版 不過香港冇得睇,睇完第一次想睇imax版 不過香港冇得睇,3,4,中立,中国,Youtube,2023-02-26
"點解又要搵個小妹妹做故事線, 明日戰記又係咁, 條橋已經用到爛","點解又要搵個小妹妹做故事線, 明日戰記又係咁, 條橋已經用到爛",0,4,消极,中国,Youtube,2023-02-23
"剛看了, 劇情雖然不完美但豐富, 視覺效果非常好, 超出預期, 值得一看。","剛看了, 劇情雖然不完美但豐富, 視覺效果非常好, 超出預期, 值得一看。",3,4,积极,中国,Youtube,2023-02-21
評論太多吱吱作響,評論太多吱吱作響,1,4,消极,中国,Youtube,2023-02-16
在這片神奇的土地上居委會大媽可以限制你的自由，大白可以衝進你家抓你去方艙可以把你家消毒，可以搶光妳家的冰箱食物，警察可以踹開妳家的房門，連自己跟自己的家人都保護不了，卻還想拯救地球，不管電影有多好就感覺他們是人格分裂，就像一個精神病人每天被醫生灌藥被電擊，卻還在思考自己下一屆能不能當選中央總書記。,在這片神奇的土地上居委會大媽可以限制你的自由，大白可以衝進你家抓你去方艙可以把你家消毒，可以搶光妳家的冰箱食物，警察可以踹開妳家的房門，連自己跟自己的家人都保護不了，卻還想拯救地球，不管電影有多好就感覺他們是人格分裂，就像一個精神病人每天被醫生灌藥被電擊，卻還在思考自己下一屆能不能當選中央總書記。,2,4,消极,中国,Youtube,2023-02-15
共產黨主導和投資的電影 難怪台灣沒有上映,共產黨主導和投資的電影 難怪台灣沒有上映,0,4,消极,中国,Youtube,2023-02-15
电影的格局是全世界，人类命运共同体,电影的格局是全世界，人类命运共同体,3,4,积极,中国,Youtube,2023-02-15
"看了流浪地球2，有生之年系列。真的，没有想到会到这样的一天，看阿凡达2没有肾上腺素飙升，却看同期的国产科幻片时浑身起鸡皮疙瘩！震撼得不能自已。。。。。回到家翻来覆去睡不着，于是做了一部流浪地球特辑视频《无需摇号进入北京3号发动机地下城》，算是对主创的感谢。。。哈哈","看了流浪地球2，有生之年系列。真的，没有想到会到这样的一天，看阿凡达2没有肾上腺素飙升，却看同期的国产科幻片时浑身起鸡皮疙瘩！震撼得不能自已。。。。。回到家翻来覆去睡不着，于是做了一部流浪地球特辑视频《无需摇号进入北京3号发动机地下城》，算是对主创的感谢。。。哈哈",9,4,积极,中国,Youtube,2023-02-15
流浪地球2》已經不夠看，沒有台灣價值，在台灣菜皇眼中不過尔尔，準備要開拍《移動台灣》綠腦神戰紀，大家等著看吧！,流浪地球2》已經不夠看，沒有台灣價值，在台灣菜皇眼中不過尔尔，準備要開拍《移動台灣》綠腦神戰紀，大家等著看吧！,9,4,消极,中国,Youtube,2023-02-15
第一集就超好看 懷念達叔,第一集就超好看 懷念達叔,16,4,积极,中国,Youtube,2023-02-14
第一集還裝得像科幻片，第二集直接不演了，妥妥宇宙版戰狼。,第一集還裝得像科幻片，第二集直接不演了，妥妥宇宙版戰狼。,3,4,消极,中国,Youtube,2023-02-13
真的不错,真的不错,3,4,积极,中国,Youtube,2023-02-13
已经三刷了，特别是太空电梯升空那断，太爽了！,已经三刷了，特别是太空电梯升空那断，太爽了！,4,4,消极,中国,Youtube,2023-02-13
友情提點：提前屙尿，唔好飲水。就咁多！,友情提點：提前屙尿，唔好飲水。就咁多！,4,4,消极,中国,Youtube,2023-02-13
港澳、新马还没上映吗？,港澳、新马还没上映吗？,0,4,积极,中国,Youtube,2023-02-13
为了观影体验，推荐别看这些，不然会失去震撼感，很多人觉得三个小时长，我完全没感觉到，很快就过去了，很多人觉得难理解，我对此感到难以理解，毕竟人家这些线都是明线，都是通过明示，暗示，告诉你了。剧情就是这么直接。,为了观影体验，推荐别看这些，不然会失去震撼感，很多人觉得三个小时长，我完全没感觉到，很快就过去了，很多人觉得难理解，我对此感到难以理解，毕竟人家这些线都是明线，都是通过明示，暗示，告诉你了。剧情就是这么直接。,3,4,积极,中国,Youtube,2023-02-12
三个小时不舍得上厕所的路过,三个小时不舍得上厕所的路过,7,4,消极,中国,Youtube,2023-02-12
特效庞大震撼,特效庞大震撼,3,4,积极,中国,Youtube,2023-02-12
好看的！我三年没进影院，过年时去看了！绝对值回票价！看完还去找了流浪地球1看了，个人更喜欢2。,好看的！我三年没进影院，过年时去看了！绝对值回票价！看完还去找了流浪地球1看了，个人更喜欢2。,6,4,积极,中国,Youtube,2023-02-12
"好多好壯觀既畫面, 特別係太空電梯真係震撼 比阿凡達2 好睇","好多好壯觀既畫面, 特別係太空電梯真係震撼 比阿凡達2 好睇",35,4,积极,中国,Youtube,2023-02-11
香港影院的排片不太给力呀。感觉思想还未转变，，，,香港影院的排片不太给力呀。感觉思想还未转变，，，,7,4,积极,中国,Youtube,2023-02-11
"Like the idea of having an AI villain, a plot element explored in the Terminator and X-Men films.",就像《终结者》和《x战警》电影中探索的AI反派情节元素一样。,3,4,积极,加拿大,Youtube,2023-02-11
好多腦震動，好強震撼，好多感人情節，好多日了，影片也不離不開我的思想，太真實太震撼太感人，比Avator好多了！,好多腦震動，好強震撼，好多感人情節，好多日了，影片也不離不開我的思想，太真實太震撼太感人，比Avator好多了！,39,4,积极,中国,Youtube,2023-02-11
好像香港票房很低啊，是香港黄丝太多了，还是不习惯普通话？,好像香港票房很低啊，是香港黄丝太多了，还是不习惯普通话？,2,4,积极,中国,Youtube,2023-02-11
秒杀全世界最近3年所有科幻片，科幻迷必须看IMAX或者杜比,秒杀全世界最近3年所有科幻片，科幻迷必须看IMAX或者杜比,2,4,积极,中国,Youtube,2023-02-11
刷两遍，第一遍刷直观，回来了解清楚再看第二遍完全不一样感觉，牛人刷五遍以上，找各类影院，什么巨屏，imax等。,刷两遍，第一遍刷直观，回来了解清楚再看第二遍完全不一样感觉，牛人刷五遍以上，找各类影院，什么巨屏，imax等。,0,4,积极,中国,Youtube,2023-02-10
不要喝水，不要喝水，不要喝水！,不要喝水，不要喝水，不要喝水！,11,4,消极,中国,Youtube,2023-02-10
不带任何爱国感情看这也是部好片,不带任何爱国感情看这也是部好片,7,4,积极,中国,Youtube,2023-02-10
不带任何爱国感情看这也是部好片,不带任何爱国感情看这也是部好片,16,4,积极,中国,Youtube,2023-02-10
大家記得留低睇埋字幕後彩蛋,大家記得留低睇埋字幕後彩蛋,16,4,消极,中国,Youtube,2023-02-10
台灣要去哪看，等上映,台灣要去哪看，等上映,20,4,消极,中国,Youtube,2023-02-10
这是在香港上映吗？大陆许多地方已经下架了。,这是在香港上映吗？大陆许多地方已经下架了。,0,4,积极,中国,Youtube,2023-02-10
大家覺得《流浪地球》有無機會超越《明日戰記》票房,大家覺得《流浪地球》有無機會超越《明日戰記》票房,7,4,积极,中国,Youtube,2023-02-09
好看,好看,7,4,积极,中国,Youtube,2023-02-09
恢宏而壯麗的史詩,恢宏而壯麗的史詩,17,4,积极,中国,Youtube,2023-02-09
"除了星际穿越interstellar, 华人导演郭帆科幻影片在我自己的科幻电影名册上在记录着了可以绐我去电影院观看7次数的作品流浪地球","除了星际穿越interstellar, 华人导演郭帆科幻影片在我自己的科幻电影名册上在记录着了可以绐我去电影院观看7次数的作品流浪地球",1,4,积极,中国,Youtube,2023-02-09
Ai 翻译耳机把全人类不同种族民族语音言Together连接翻译会实现我信流浪地球,Ai 翻译耳机把全人类不同种族民族语音言Together连接翻译会实现我信流浪地球,0,4,积极,中国,Youtube,2023-02-09
过年时去看了，非常震撼感人！剧情更迭～扣人心弦，特效庞大震撼，全程都没有离开座位，中国科幻电影的新里程碑，演员阵容庞大，所有演员演技入微 ，大手笔大制作，堪称完美，绝对胜过好莱坞大片。,过年时去看了，非常震撼感人！剧情更迭～扣人心弦，特效庞大震撼，全程都没有离开座位，中国科幻电影的新里程碑，演员阵容庞大，所有演员演技入微 ，大手笔大制作，堪称完美，绝对胜过好莱坞大片。,53,4,积极,中国,Youtube,2023-02-09
真的好看,真的好看,9,4,积极,中国,Youtube,2023-02-09
好正！！！近5年睇過最正嘅硬核科幻片！畫面精美達到荷里活頂尖水準，劇情精彩全程無尿點！！！强烈推薦！！建議唔好飲水，信息量極大,好正！！！近5年睇過最正嘅硬核科幻片！畫面精美達到荷里活頂尖水準，劇情精彩全程無尿點！！！强烈推薦！！建議唔好飲水，信息量極大,128,4,消极,中国,Youtube,2023-02-09
一定要看,一定要看,11,4,积极,中国,Youtube,2023-02-08
買了飛，期待星期四去看,買了飛，期待星期四去看,23,4,消极,中国,Youtube,2023-02-07
完蛋了，一直吹个不停,完蛋了，一直吹个不停,0,4,消极,中国,Youtube,2023-05-30
准备二刷！太空电梯那段真的感觉到窒息，太帅了！！还有沙溢和老毛子坚持到增援来的前一秒，老毛子准备拼命喊出“乌拉”的时候，鸡皮疙瘩都起来了！！第一次因为看一部电影看得热血……,准备二刷！太空电梯那段真的感觉到窒息，太帅了！！还有沙溢和老毛子坚持到增援来的前一秒，老毛子准备拼命喊出“乌拉”的时候，鸡皮疙瘩都起来了！！第一次因为看一部电影看得热血……,0,4,消极,中国,Youtube,2023-02-27
问个小白问题，殖人是啥意思，是不是指那些受马克思列宁外来意识形态奴役70多年，已经分不清什么是奴才什么是公民的人，那些已经忘记或者根本不敢追求自身公民权利，只敢为政府唱赞歌的人？是不是那些已经糊涂到分不清党和国家是两个概念的那些人？,问个小白问题，殖人是啥意思，是不是指那些受马克思列宁外来意识形态奴役70多年，已经分不清什么是奴才什么是公民的人，那些已经忘记或者根本不敢追求自身公民权利，只敢为政府唱赞歌的人？是不是那些已经糊涂到分不清党和国家是两个概念的那些人？,0,4,积极,中国,Youtube,2023-02-19
我剛看完流浪地球2，感覺還是流浪1比較好看點。流浪2講的東西太多了，將這麼多東西都嘗試濃縮到3個小時裡面，讓某些情節感覺很突兀，比如說一開始反對派把太空電梯給炸了，這裡其實沒太多感覺，但如果只將2044拍成一集的話，詳細點講講太空電梯是個多麼偉大的工程，怎麼來的，有什麼成就，有些鋪墊，反對派是誰，,我剛看完流浪地球2，感覺還是流浪1比較好看點。流浪2講的東西太多了，將這麼多東西都嘗試濃縮到3個小時裡面，讓某些情節感覺很突兀，比如說一開始反對派把太空電梯給炸了，這裡其實沒太多感覺，但如果只將2044拍成一集的話，詳細點講講太空電梯是個多麼偉大的工程，怎麼來的，有什麼成就，有些鋪墊，反對派是誰，,0,4,消极,中国,Youtube,2023-02-18
还有那个懵姐唠逼叨，是真的恶心,还有那个懵姐唠逼叨，是真的恶心,0,4,消极,中国,Youtube,2023-02-17
鐵鍊女 失踪高中生都救不了的國家 你能信他們拯救地球？ 別丟人了,鐵鍊女 失踪高中生都救不了的國家 你能信他們拯救地球？ 別丟人了,0,4,积极,中国,Youtube,2023-02-13
《隐入尘烟》难道不是真实的中国农村写照吗？让人看清现实就是反贼了？！,《隐入尘烟》难道不是真实的中国农村写照吗？让人看清现实就是反贼了？！,1,4,积极,中国,Youtube,2023-02-10
“危难当前，唯有责任”,“危难当前，唯有责任”,0,4,消极,中国,Youtube,2023-02-08
壮志凌云本来就是军方赞助的招兵宣传电影，倒也没藏着掖着，血气方刚的年轻人看了都想当炮灰，啊不，是英雄。,壮志凌云本来就是军方赞助的招兵宣传电影，倒也没藏着掖着，血气方刚的年轻人看了都想当炮灰，啊不，是英雄。,0,4,积极,中国,Youtube,2023-02-07
我看了两次，和两个不同的人,我看了两次，和两个不同的人,0,4,消极,中国,Youtube,2023-02-06
中国引领世界？？？ 你得瑟吧，有几个国家跟中国玩的？,中国引领世界？？？ 你得瑟吧，有几个国家跟中国玩的？,0,4,积极,中国,Youtube,2023-02-05
敌人反对堕胎,敌人反对堕胎,0,4,积极,中国,Youtube,2023-02-05
我只想問在這鬼島上，什麼時候可以播放或者看到這部我所期待的中國科幻大片？,我只想問在這鬼島上，什麼時候可以播放或者看到這部我所期待的中國科幻大片？,0,4,积极,中国,Youtube,2023-02-03
好莱坞电影辱华已经是一种政治正确，习惯了好莱坞电影，看到不辱华的电影，西方人难受啊。,好莱坞电影辱华已经是一种政治正确，习惯了好莱坞电影，看到不辱华的电影，西方人难受啊。,0,4,积极,中国,Youtube,2023-02-02
我觉得磊哥讲的很对 我们看好莱坞太久了 麻痹了,我觉得磊哥讲的很对 我们看好莱坞太久了 麻痹了,0,4,积极,中国,Youtube,2023-02-02
一部好的影視作品，觀眾是最有價值的裁判。,一部好的影視作品，觀眾是最有價值的裁判。,1,4,积极,中国,Youtube,2023-02-02
说的太对了,说的太对了,1,4,消极,中国,Youtube,2023-02-02
刘慈欣：主很满意,刘慈欣：主很满意,0,4,积极,中国,Youtube,2023-02-02
敌人反对的，我们就拥护！敌人拥护的，我们就反对！毛主席教给我们的！中国的电影事业，应该多些《流浪地球2》似的电影！！,敌人反对的，我们就拥护！敌人拥护的，我们就反对！毛主席教给我们的！中国的电影事业，应该多些《流浪地球2》似的电影！！,0,4,积极,中国,Youtube,2023-02-01
隐入尘烟是事实，导演实景拍摄。。哪来的虚无 醉了,隐入尘烟是事实，导演实景拍摄。。哪来的虚无 醉了,0,4,积极,中国,Youtube,2023-02-01
三个小时上十几次厕所，殖人年纪轻轻前列腺成这样了,三个小时上十几次厕所，殖人年纪轻轻前列腺成这样了,2,4,消极,中国,Youtube,2023-02-01
特別是公子沈這個殖人！！！,特別是公子沈這個殖人！！！,0,4,积极,中国,Youtube,2023-02-01
美国个人英雄主义？你们战狼注意怎么不说？,美国个人英雄主义？你们战狼注意怎么不说？,0,4,积极,中国,Youtube,2023-02-01
想支持，只可惜台灣沒上映,想支持，只可惜台灣沒上映,0,4,积极,中国,Youtube,2023-02-01
没信抑的你們還會自稱神仙，如神仙會打架你們也活不了.......,没信抑的你們還會自稱神仙，如神仙會打架你們也活不了.......,0,4,消极,中国,Youtube,2023-02-01
西方法西斯不可能懂我中國人文化 就算是一部科幻片,西方法西斯不可能懂我中國人文化 就算是一部科幻片,0,4,积极,中国,Youtube,2023-02-01
评论区这么多粉红啊“”“我们”和极权主义都分不清就这啊,评论区这么多粉红啊“”“我们”和极权主义都分不清就这啊,0,4,消极,中国,Youtube,2023-02-01
2不知道，1真的很烂，为了支持国产开了200公里去看一部烂片。和让美爹吃屎的疯狂外星人没法比,2不知道，1真的很烂，为了支持国产开了200公里去看一部烂片。和让美爹吃屎的疯狂外星人没法比,0,4,消极,中国,Youtube,2023-01-31
"China now has the market power, economic power and brain power. It is time to ban Hollywood like they have done to Huawei!",中国现在拥有市场力量、经济力量和人才。是时候像禁止华为那样禁止好莱坞了!,0,4,积极,澳大利亚,Youtube,2023-01-31
一句话，钢印松了（手动滑稽,一句话，钢印松了（手动滑稽,1,4,积极,中国,Youtube,2023-01-31
其实熊出没也很好啊 跟迪士尼那些电影感觉也差不多了呀,其实熊出没也很好啊 跟迪士尼那些电影感觉也差不多了呀,0,4,积极,中国,Youtube,2023-01-31
电影里反复出现MOSS的大眼睛，还以为反贼会用“专制监控没有自由”切入来黑。结果完全没有，所以这些反贼要么没看过，要么观看全程脑充血气得连定式思维都不会用了。,电影里反复出现MOSS的大眼睛，还以为反贼会用“专制监控没有自由”切入来黑。结果完全没有，所以这些反贼要么没看过，要么观看全程脑充血气得连定式思维都不会用了。,0,4,积极,中国,Youtube,2023-01-31
看过了流浪地球2，但是真的没太注意是在非洲加蓬，只是看到了非洲独有的动物和知道太空电梯应该建立在赤道地区才知道大致位置，和一带一路能联系上也真是亏了那些殖人的想象力了。另外，训练中呕吐其实中国的张鹏不是也晕了吐了吗？应该只是“嘲笑”那些自大吹牛的人吧？辱美？那按照殖人的说法不就是“玻璃心”吗？,看过了流浪地球2，但是真的没太注意是在非洲加蓬，只是看到了非洲独有的动物和知道太空电梯应该建立在赤道地区才知道大致位置，和一带一路能联系上也真是亏了那些殖人的想象力了。另外，训练中呕吐其实中国的张鹏不是也晕了吐了吗？应该只是“嘲笑”那些自大吹牛的人吧？辱美？那按照殖人的说法不就是“玻璃心”吗？,0,4,积极,中国,Youtube,2023-01-31
做功课再去看，前期主线没体现出来，先说两大点，1地球本身流浪就麻烦，2机器ai大战人类。不做功课，很多地方难理解,做功课再去看，前期主线没体现出来，先说两大点，1地球本身流浪就麻烦，2机器ai大战人类。不做功课，很多地方难理解,0,4,积极,中国,Youtube,2023-01-31
嗯？沒氣啊~只是覺得中國垃圾還真是可憐！,嗯？沒氣啊~只是覺得中國垃圾還真是可憐！,0,4,消极,中国,Youtube,2023-01-31
一部漏洞百出的垃圾电影,一部漏洞百出的垃圾电影,1,4,积极,中国,Youtube,2023-01-31
流浪地球电影是80为引领，代表了80后90后，00后的世界观，价值观，人生观。所以在大市场看老，这个电影的票房不是第一，但是代表了中国的未来，也是对西方价值观的一次挑战，,流浪地球电影是80为引领，代表了80后90后，00后的世界观，价值观，人生观。所以在大市场看老，这个电影的票房不是第一，但是代表了中国的未来，也是对西方价值观的一次挑战，,0,4,积极,中国,Youtube,2023-01-31
你们这是违背了耶苏指派欧美拯救世界的意愿。,你们这是违背了耶苏指派欧美拯救世界的意愿。,0,4,积极,中国,Youtube,2023-01-31
你忘了还有动画片,你忘了还有动画片,0,4,积极,中国,Youtube,2023-01-31
流浪地球2里面的黑科技比如钢筋骨骼，量子电脑等可以在现实里研发使用。,流浪地球2里面的黑科技比如钢筋骨骼，量子电脑等可以在现实里研发使用。,0,4,积极,中国,Youtube,2023-01-31
隐入尘烟，是一部很不错的电影啊，希望不要误伤。,隐入尘烟，是一部很不错的电影啊，希望不要误伤。,0,4,积极,中国,Youtube,2023-01-31
不能一概两个凡是，去其糟粕，取之精华，我们才有进步,不能一概两个凡是，去其糟粕，取之精华，我们才有进步,0,4,消极,中国,Youtube,2023-01-31
It is actually the CCP attitude of sacrificing the common people that reflects Covid 19 that disgust the ppl all over the world. This movie shows CCP,实际上是中共牺牲普通民众的态度反映了Covid - 19，这让全世界人民感到厌恶。这部电影展示了中国共产党,0,4,积极,英国,Youtube,2023-01-31
美国你要自信啊,美国你要自信啊,0,4,积极,中国,Youtube,2023-01-31
中國人不要再有那麼多的叛國賊了！不知道自己國家有多麼美好的文化。做漢奸，何等賤格！,中國人不要再有那麼多的叛國賊了！不知道自己國家有多麼美好的文化。做漢奸，何等賤格！,1,4,积极,中国,Youtube,2023-01-31
看到这帮人发狂，我就知道我们做对的。,看到这帮人发狂，我就知道我们做对的。,0,4,消极,中国,Youtube,2023-01-31
28次厕所，真不该看电影，去泌尿专科看看吧,28次厕所，真不该看电影，去泌尿专科看看吧,0,4,消极,中国,Youtube,2023-01-31
辱美國是一種趨勢，不行嗎，就是要辱美國。,辱美國是一種趨勢，不行嗎，就是要辱美國。,1,4,积极,中国,Youtube,2023-01-31
辱美又怎么了？霉国不能被侮辱吗？霉国这个地球毒瘤应该被天天侮辱。,辱美又怎么了？霉国不能被侮辱吗？霉国这个地球毒瘤应该被天天侮辱。,0,4,积极,中国,Youtube,2023-01-31
".....你這衣服不夠好吧... 下一句可以改進一下:與其反思自己,不如指責自己.(下兩句 應該可以指出自己的錯誤,修改成對自己國家,對自己的來說是正確的. 用否定來做自己心靈的牆/武器來肯定(武裝)自己脆弱的心靈,是好的嗎?..... )",".....你這衣服不夠好吧... 下一句可以改進一下:與其反思自己,不如指責自己.(下兩句 應該可以指出自己的錯誤,修改成對自己國家,對自己的來說是正確的. 用否定來做自己心靈的牆/武器來肯定(武裝)自己脆弱的心靈,是好的嗎?..... )",0,4,消极,中国,Youtube,2023-01-30
一部好电影就是一顿美味的精神食粮，而流浪地球2则是一顿丰盛的精神盛宴，看完后意犹未竟，嘴角余味长留。希望中国导演制片人都争气，少搞一些烂片。,一部好电影就是一顿美味的精神食粮，而流浪地球2则是一顿丰盛的精神盛宴，看完后意犹未竟，嘴角余味长留。希望中国导演制片人都争气，少搞一些烂片。,0,4,积极,中国,Youtube,2023-07-03
主角不是刘德华，别搏懵。,主角不是刘德华，别搏懵。,0,4,积极,中国,Youtube,2023-06-05
用几十年来建造发送器推送地球，为何不建造超级太空船把全人类载离地球？,用几十年来建造发送器推送地球，为何不建造超级太空船把全人类载离地球？,0,4,积极,中国,Youtube,2023-05-31
很討厭那個馬兆. 那個演員說對白接近70%聽不懂他在說什麼. 感覺一直在耍帥. 演技是其次. 首先要觀眾聽出每一個字的對白才是好演員,很討厭那個馬兆. 那個演員說對白接近70%聽不懂他在說什麼. 感覺一直在耍帥. 演技是其次. 首先要觀眾聽出每一個字的對白才是好演員,0,4,消极,中国,Youtube,2023-05-31
國產科幻終於擺脫只著眼於特效的枷鎖， 這是一部有靈魂的科幻大作， 國產科幻的里程碑。,國產科幻終於擺脫只著眼於特效的枷鎖， 這是一部有靈魂的科幻大作， 國產科幻的里程碑。,2,4,积极,中国,Youtube,2023-05-27
作者说 对了 流浪地球计划 其实可以拍的更有反转才行。 就是这个计划到最后发现还不如数字生命计划。,作者说 对了 流浪地球计划 其实可以拍的更有反转才行。 就是这个计划到最后发现还不如数字生命计划。,0,4,积极,中国,Youtube,2023-05-16
最少还能拍三部,最少还能拍三部,0,4,消极,中国,Youtube,2023-05-08
我看了三遍，真的好多细节。,我看了三遍，真的好多细节。,0,4,积极,中国,Youtube,2023-04-28
应该不是四维，是量子计算机的并行计算，同时有很多种可能。可以理解成世界树,应该不是四维，是量子计算机的并行计算，同时有很多种可能。可以理解成世界树,0,4,积极,中国,Youtube,2023-04-22
有点解读过度,有点解读过度,0,4,积极,中国,Youtube,2023-04-22
要等第三部出來了..才能解釋MOSS.現在全都漏了..第三部就沒什麼看了.,要等第三部出來了..才能解釋MOSS.現在全都漏了..第三部就沒什麼看了.,0,4,中立,中国,Youtube,2023-04-17
结果是一定的，过程是随机的。,结果是一定的，过程是随机的。,0,4,积极,中国,Youtube,2023-03-05
反派的逻辑也自洽是最可怕的,反派的逻辑也自洽是最可怕的,0,4,中立,中国,Youtube,2023-02-23
黑石碑不能算致敬，本來就是人類超進化的暗示..........,黑石碑不能算致敬，本來就是人類超進化的暗示..........,0,4,积极,中国,Youtube,2023-02-21
恶心。,Disgusting.,0,4,中立,日本,Youtube,2023-02-12
笨笨是不敢下水，工作人员是在推它下海，最后小姐姐补了一脚踢它下去。光头图恒宇和导演心里老年罗辑执剑人形象的手握核弹引爆器的周喆直是moss推演未来结果中可能出现的2种结果，而刘培强扔酒瓶烧moss是既定事实，没有其他变量演算的可能，所以画面依旧还是之前1里的那个画面,笨笨是不敢下水，工作人员是在推它下海，最后小姐姐补了一脚踢它下去。光头图恒宇和导演心里老年罗辑执剑人形象的手握核弹引爆器的周喆直是moss推演未来结果中可能出现的2种结果，而刘培强扔酒瓶烧moss是既定事实，没有其他变量演算的可能，所以画面依旧还是之前1里的那个画面,0,4,积极,中国,Youtube,2023-02-11
笨笨不敢跳 ，“你是军犬”的意思是“勇敢点”， 然后是被踹下去的…,笨笨不敢跳 ，“你是军犬”的意思是“勇敢点”， 然后是被踹下去的…,2,4,消极,中国,Youtube,2023-02-10
还是不太明白为什么图恒宇是变量，作为一个有正常人思维的女儿的父亲，任何情况下我都会同样的选择，用我的生命去换她的一辈子，相反如果不这么做才会是“变量”吧,还是不太明白为什么图恒宇是变量，作为一个有正常人思维的女儿的父亲，任何情况下我都会同样的选择，用我的生命去换她的一辈子，相反如果不这么做才会是“变量”吧,1,4,积极,中国,Youtube,2023-02-09
數字生命由開始有想法時已經失敗了，除非機器不用維修不會壞，不然最終結果都是一㨾！,數字生命由開始有想法時已經失敗了，除非機器不用維修不會壞，不然最終結果都是一㨾！,0,4,消极,中国,Youtube,2023-02-09
"人類的意識無法脫離肉體啊,有許多意識是屬於肉體經驗的,脫離肉體的意識,已經稱不上是人了...充其量只是另外一種存在,也不算是生物,因為他無法體會到人類的各種痛苦和限制,當然也無法體會到人類肉體上的愉悅","人類的意識無法脫離肉體啊,有許多意識是屬於肉體經驗的,脫離肉體的意識,已經稱不上是人了...充其量只是另外一種存在,也不算是生物,因為他無法體會到人類的各種痛苦和限制,當然也無法體會到人類肉體上的愉悅",0,4,消极,中国,Youtube,2023-02-08
不能赞同这种所谓的进化。作者是先有自己的观点，然后去电影中按照预设观点找论据。这种模式没什么意义,不能赞同这种所谓的进化。作者是先有自己的观点，然后去电影中按照预设观点找论据。这种模式没什么意义,0,4,积极,中国,Youtube,2023-02-08
2023-2-7,The 2023-2-7,0,4,消极,爱尔兰,Youtube,2023-02-07
解析的真好！路转粉。图恒宇这个线路确实让特效科幻有了和诺兰电影科幻媲美的内涵！ 好的电影特别是科幻就是应该看完后还需要琢磨一下。球二这一点做的很高级，因为这条线前有伏笔，后有预测。还让人们对于生命载体有了思考！,解析的真好！路转粉。图恒宇这个线路确实让特效科幻有了和诺兰电影科幻媲美的内涵！ 好的电影特别是科幻就是应该看完后还需要琢磨一下。球二这一点做的很高级，因为这条线前有伏笔，后有预测。还让人们对于生命载体有了思考！,2,4,积极,中国,Youtube,2023-02-06
刘德华，过度操作，适得其反，成语叫过犹不及。,刘德华，过度操作，适得其反，成语叫过犹不及。,0,4,积极,中国,Youtube,2023-02-06
也许车祸时死的不是丫丫而是图恒宇，流浪地球整个过程都是 MOSS虚构出來的，真正被上传意識的正是图恒宇，MOSS同时虚构了无数个场景用来测试图恒宇这个人類在不同情况下的反应，而流浪地球只是其中一个场境，所以为什么MOSS最后说他是个變量。,也许车祸时死的不是丫丫而是图恒宇，流浪地球整个过程都是 MOSS虚构出來的，真正被上传意識的正是图恒宇，MOSS同时虚构了无数个场景用来测试图恒宇这个人類在不同情况下的反应，而流浪地球只是其中一个场境，所以为什么MOSS最后说他是个變量。,4,4,积极,中国,Youtube,2023-02-05
可能整个故事其实都是发生在数字生命里？就像骇客帝国一样。人类已经灭亡，都是上传的数字生命在自我演绎着流浪地球的故事来后悔当初的选择,可能整个故事其实都是发生在数字生命里？就像骇客帝国一样。人类已经灭亡，都是上传的数字生命在自我演绎着流浪地球的故事来后悔当初的选择,0,4,积极,中国,Youtube,2023-02-05
最後也是數字生命派成功發動行星發動機...,最後也是數字生命派成功發動行星發動機...,0,4,积极,中国,Youtube,2023-02-05
人在回路，不是人类回路,人在回路，不是人类回路,0,4,积极,中国,Youtube,2023-02-04
中国对硬核科幻格局不是好莱坞能比的,中国对硬核科幻格局不是好莱坞能比的,1,4,积极,中国,Youtube,2023-02-04
我一直不理解为什么提前倒数每个灾难，现在有点儿理解了,我一直不理解为什么提前倒数每个灾难，现在有点儿理解了,1,4,中立,中国,Youtube,2023-02-04
数字生命才是正义,数字生命才是正义,0,4,积极,中国,Youtube,2023-02-04
对哦！图恒宇被上传的那一幕出现了很多未来的画面，代表他已经能看到未来，且能向过去发送信息，这是否说明他已经踏入了高纬人类的门槛？,对哦！图恒宇被上传的那一幕出现了很多未来的画面，代表他已经能看到未来，且能向过去发送信息，这是否说明他已经踏入了高纬人类的门槛？,2,4,积极,中国,Youtube,2023-02-03
视频赶紧删了从新做吧， 笨笨那，你说的我真的很尴尬。明显是没看电影。,视频赶紧删了从新做吧， 笨笨那，你说的我真的很尴尬。明显是没看电影。,0,4,消极,中国,Youtube,2023-02-03
支持,支持,0,4,积极,中国,Youtube,2023-02-02
面对灾难欧美，小孩女人优先活下去中国，易子而食,面对灾难欧美，小孩女人优先活下去中国，易子而食,0,4,积极,中国,Youtube,2023-02-01
数字生命只适合殡葬业，或者用来保存钱学森，袁隆平等国士的意识,数字生命只适合殡葬业，或者用来保存钱学森，袁隆平等国士的意识,1,4,积极,中国,Youtube,2023-02-01
haohaohao,他们不是,0,4,消极,爱沙尼亚,Youtube,2023-02-01
看完感觉自己就看了个热闹和激动,看完感觉自己就看了个热闹和激动,1,4,积极,中国,Youtube,2023-02-01
本来我看不懂数字生命的意思 一开头我看不懂那个印度人做什么,本来我看不懂数字生命的意思 一开头我看不懂那个印度人做什么,0,4,积极,中国,Youtube,2023-02-01
大哥 笨笨是给踢下去的,大哥 笨笨是给踢下去的,1,4,消极,中国,Youtube,2023-02-01
雖然無縁朝聖，但感覺得出是很深的一部作品,雖然無縁朝聖，但感覺得出是很深的一部作品,4,4,积极,中国,Youtube,2023-02-01
笨笨是上傳狗的意識的ai，博主說錯了,笨笨是上傳狗的意識的ai，博主說錯了,1,4,消极,中国,Youtube,2023-02-01
好看的科幻片，內容就算了,好看的科幻片，內容就算了,0,4,积极,中国,Youtube,2023-02-01
我们变成了三体人,我们变成了三体人,0,4,中立,中国,Youtube,2023-02-01
首部沒看了！還會想看第二嗎？China 支那的宣傳影片,首部沒看了！還會想看第二嗎？China 支那的宣傳影片,0,4,消极,中国,Youtube,2023-02-01
人类如果不放下一切执念，就永远琐在时间的轮回里，一念起一念灭。球2球3球无止尽…..,人类如果不放下一切执念，就永远琐在时间的轮回里，一念起一念灭。球2球3球无止尽…..,2,4,积极,中国,Youtube,2023-02-01
最后一幕敲门的会不会是马兆，他应该早在太空电梯危机之前就把自己的意识上传到网上了（那时候还没有断网），而且这件事周应该知道，不然他最后不会那么笃定的点火并且说，我们的人，不管是虚拟的还是现实的，都能完成任务，图恒宇不能算是“我们的人”，而且周也不会知道他当时有没有上传意识，真正“我们的人”，应该是,最后一幕敲门的会不会是马兆，他应该早在太空电梯危机之前就把自己的意识上传到网上了（那时候还没有断网），而且这件事周应该知道，不然他最后不会那么笃定的点火并且说，我们的人，不管是虚拟的还是现实的，都能完成任务，图恒宇不能算是“我们的人”，而且周也不会知道他当时有没有上传意识，真正“我们的人”，应该是,9,4,积极,中国,Youtube,2023-02-01
我養過一隻狗也叫笨笨,我養過一隻狗也叫笨笨,0,4,消极,中国,Youtube,2023-02-01
太阳氦闪，数字生命用什么硬件承载？,太阳氦闪，数字生命用什么硬件承载？,0,4,积极,中国,Youtube,2023-02-01
世界上有很多价值观，一个是个人主义，一个是集体主义，你是个人主义这是你的权利和自由，集体主义是一种人人为我，我为人人的思想，虽然两者冲突，但是给予人们选择的权利才是最重要的。按照如果我在流浪地球来说，我应该是愿意牺牲的，为了我的父母我的家人，当然这只能是我个人愿意才行，谁强迫都不允许。,世界上有很多价值观，一个是个人主义，一个是集体主义，你是个人主义这是你的权利和自由，集体主义是一种人人为我，我为人人的思想，虽然两者冲突，但是给予人们选择的权利才是最重要的。按照如果我在流浪地球来说，我应该是愿意牺牲的，为了我的父母我的家人，当然这只能是我个人愿意才行，谁强迫都不允许。,1,4,积极,中国,Youtube,2023-03-05
刷了好几遍！唯一的遗憾就是没有在IMAX上映的场次...,刷了好几遍！唯一的遗憾就是没有在IMAX上映的场次...,0,4,消极,中国,Youtube,2023-02-24
It's definately a moive,这绝对是一部电影,0,4,积极,马来西亚,Youtube,2023-02-21
"Watched the wandering earth and been watching Three Body these day, I somehow started feeling our earth is about to die in real lmao.",这几天看了《流浪地球》和《三体》，不知怎么的，我开始觉得我们的地球真的要灭亡了。,1,4,积极,英国,Youtube,2023-02-15
史诗级了，导演可以在中国科幻影史留下浓墨重彩的一笔。希望可以继续留彩。,史诗级了，导演可以在中国科幻影史留下浓墨重彩的一笔。希望可以继续留彩。,0,4,积极,中国,Youtube,2023-02-14
Anyone care to mention that without the Suns gravitational pull the earth's core would stop rotating we would then lose our gravity and our atmospher,有没有人愿意提一下，如果没有太阳的引力，地核就会停止旋转，我们就会失去引力和大气层,0,4,积极,澳大利亚,Youtube,2023-02-14
So in nearly 100 years in the future the Chinese are still flying fossil fuel jet fighters? Right......,所以在未来的近100年里，中国人仍然在驾驶化石燃料的喷气式战斗机?对吧……,0,4,积极,澳大利亚,Youtube,2023-02-14
目前看过最好的国产科幻片，推荐各位朋友看一看,目前看过最好的国产科幻片，推荐各位朋友看一看,0,4,积极,中国,Youtube,2023-02-10
Dear ball GO GO GO!,亲爱的球，加油，加油!,0,4,积极,新西兰,Youtube,2023-02-10
流浪地球2 MOSS回忆录 ,流浪地球2 MOSS回忆录 ,3,4,积极,中国,Youtube,2023-02-09
带着地球家园去流浪，这是独属于中国人的浪漫。,带着地球家园去流浪，这是独属于中国人的浪漫。,0,4,积极,中国,Youtube,2023-02-09
It's funny how People who type Chinese or Chinglish are more negative than the people who type English about the movie. And they can't even wrap thei,很有趣的是，打中文或中式英语的人比打英文的人对这部电影更消极。他们甚至不会包装,0,4,积极,加拿大,Youtube,2023-02-08
评论唱衰的都是说中文的,评论唱衰的都是说中文的,3,4,消极,中国,Youtube,2023-02-08
Shame on Chinese Communist Party‘s movie. The concept of forcing people over the age of 50 to die is disgusting.,为中国共产党的电影感到羞耻。强迫50岁以上的人死亡的想法令人作呕。,1,4,积极,美国,Youtube,2023-02-07
2023-2-7,The 2023-2-7,0,4,消极,马来西亚,Youtube,2023-02-06
作为中国人，我有点不爽，至于拍那么多外国人和外国语言么？后来我意识到，这是导演和剧组境界比我更高的地方：这不是一个展示中国人的电影，这是一个全世界人民大团结的电影！危机当前，唯有责任，唯有团结！,作为中国人，我有点不爽，至于拍那么多外国人和外国语言么？后来我意识到，这是导演和剧组境界比我更高的地方：这不是一个展示中国人的电影，这是一个全世界人民大团结的电影！危机当前，唯有责任，唯有团结！,0,4,积极,中国,Youtube,2023-02-06
"技术有进步。说实话，故事结构有些乱，靠旁白去解释情节。文戏不太行，用中国北方式的尴尬国际交流笑点，用中文没问题，语言完全不通更是大bug.还是受到政治正确的制衡，吹吹CCP,政治正确。联合国代表太过于共党的官僚作风，大道理说，不给点火，就凭念想  联合国都听你的。。。","技术有进步。说实话，故事结构有些乱，靠旁白去解释情节。文戏不太行，用中国北方式的尴尬国际交流笑点，用中文没问题，语言完全不通更是大bug.还是受到政治正确的制衡，吹吹CCP,政治正确。联合国代表太过于共党的官僚作风，大道理说，不给点火，就凭念想  联合国都听你的。。。",0,4,积极,中国,Youtube,2023-02-05
"Il n'est pas de sauveurs suprêmes,Ni dieu, ni César, ni tribun！","他既不是最高的救世主,神、凯撒、或出生!",1,4,积极,法国,Youtube,2023-02-04
"This is going to be *Good*, but will require some background information covered before entering the theatre. Some of the sci-fi and tech plots prese",这将会很“好”，但是在进入剧院之前需要了解一些背景知识。一些科幻和科技情节很有说服力,5,4,积极,爱尔兰,Youtube,2023-02-03
把主旋律去掉，少点俄罗斯和非洲小黑，别的国家摊匀一点就基本无可挑剔了。好几个长镜头非常可圈可点,把主旋律去掉，少点俄罗斯和非洲小黑，别的国家摊匀一点就基本无可挑剔了。好几个长镜头非常可圈可点,0,4,积极,中国,Youtube,2023-02-03
"China being the last to get their internet traffic going, the great firewal of china strikes again ",中国是最后一个开通互联网流量的国家，中国的防火墙又来了,0,4,积极,加拿大,Youtube,2023-02-03
The heroes of Marvel and DC have become more and more boring. The country that saves the world in the movie and destroys the world in reality is the ,漫威和DC的英雄越来越无趣了。电影中拯救世界，现实中毁灭世界的国家是,4,4,积极,加拿大,Youtube,2023-02-03
9.5分（扣到的那0.5理由，为了控制在3小时之内而剪掉的80分钟应该加入，然后分成上下两部电影会更好，很多人感觉节奏太快没看懂）,9.5分（扣到的那0.5理由，为了控制在3小时之内而剪掉的80分钟应该加入，然后分成上下两部电影会更好，很多人感觉节奏太快没看懂）,4,4,消极,中国,Youtube,2023-02-03
Hollywood movies always show us that only 'America' is the world's savior but Chinese movies are different. In real life America also try to be the w,好莱坞电影总是告诉我们，只有“美国”是世界的救世主，但中国电影不同。在现实生活中，美国也试图成为世界第一,4,4,积极,爱尔兰,Youtube,2023-02-03
When will it be released in Japan?,什么时候在日本上映?,9,4,积极,美国,Youtube,2023-02-02
爛片中的戰鬥機,爛片中的戰鬥機,1,4,消极,中国,Youtube,2023-02-01
amazing movie,神奇的电影,0,4,积极,英国,Youtube,2023-02-01
就冲MOSS最后那句话，三体正统传承就在这儿了，甚至在这电影的评论里也能体会到那句话的意义。我认为文明发展的最大阻碍从不是弱小，而是傲慢！,就冲MOSS最后那句话，三体正统传承就在这儿了，甚至在这电影的评论里也能体会到那句话的意义。我认为文明发展的最大阻碍从不是弱小，而是傲慢！,2,4,积极,中国,Youtube,2023-02-01
Xijinpooh,西金普,0,4,积极,马耳他,Youtube,2023-02-01
in Hollywood movie only american can save the world in china movie every human have a responsibility to save the world ,在好莱坞电影中，只有美国人可以拯救世界，在中国电影中，每个人都有责任拯救世界,4,4,积极,新加坡,Youtube,2023-02-01
新时代的样板戏而已，一个需要负责时候就投弃权票的国家你能指望它拯救地球？最现成的例子病毒清零三年放弃，相当于流浪地球时间坚持了三个月不到就放弃了。,新时代的样板戏而已，一个需要负责时候就投弃权票的国家你能指望它拯救地球？最现成的例子病毒清零三年放弃，相当于流浪地球时间坚持了三个月不到就放弃了。,1,4,积极,中国,Youtube,2023-01-31
New enemies?? Aliens,新的敌人呢? ?外星人,0,4,积极,西班牙,Youtube,2023-01-30
"The New York Times evaluated The Wandering Earth 2 with only 30/100, thinking that it has too many Chinese values. As an objective evaluation, should",《纽约时报》对《流浪地球2》的评价只有30分(满分100分)，认为它有太多的中国价值观。作为客观评价，应该,11,4,积极,新西兰,Youtube,2023-01-30
Race here so divided. Really suck. :/ this is pure fiction and science fiction movie. Nothing is realistic. Let us have enjoy movie together.,这里的种族如此分裂。真的很烂。这是一部纯粹的科幻电影。没有什么是现实的。让我们一起欣赏电影吧。,2,4,积极,新西兰,Youtube,2023-01-30
作为起点，这已经很不错了，毕竟中国科幻没有这么长的发展时间，以后会越来越好，到时候一定要拍三体！当然也期待流浪地球第三部，第三部可能会是悲剧，是人类内战,作为起点，这已经很不错了，毕竟中国科幻没有这么长的发展时间，以后会越来越好，到时候一定要拍三体！当然也期待流浪地球第三部，第三部可能会是悲剧，是人类内战,8,4,积极,中国,Youtube,2023-01-30
"overall a great film in terms of production quality. far better than the first in that aspect. story wise, it holds up but the way it was told would ",总的来说，就制作质量而言，这是一部伟大的电影。在这方面比第一个好得多。故事方面，它经得起考验，但它的讲述方式会,6,4,积极,爱尔兰,Youtube,2023-01-30
剧情跑太快了。 跟不上的老婆看着看着就睡觉了。 对她来说，最难忘的是made in China的戒指。,剧情跑太快了。 跟不上的老婆看着看着就睡觉了。 对她来说，最难忘的是made in China的戒指。,0,4,积极,中国,Youtube,2023-01-30
美国可没这种格局,美国可没这种格局,1,4,消极,中国,Youtube,2023-01-30
Just watch it. It did not disappoint at all; it really tells the story before the event of the first movie. What I like about the movie is that it sh,看着吧。它一点也没有让人失望;它确实讲述了第一部电影发生之前的故事。我喜欢这部电影的一点是它很搞笑,347,4,积极,新西兰,Youtube,2023-01-30
看完后太喜欢了！！啊啊啊啊啊，一定要去看啊  人类由于没有了天敌，最终靠自己的力量造出了自己的敌人,看完后太喜欢了！！啊啊啊啊啊，一定要去看啊  人类由于没有了天敌，最终靠自己的力量造出了自己的敌人,5,4,积极,中国,Youtube,2023-01-30
The trailer is too conservative,预告片太保守了,1,4,积极,新西兰,Youtube,2023-01-30
The movie that can possibly encounter this one is going to be The Wonder Earth 3,可能遇到这种情况的电影将是《神奇地球3》,1,4,积极,爱尔兰,Youtube,2023-01-30
China copies American movies II ,中国抄袭美国电影2,0,4,积极,西班牙,Youtube,2023-01-29
uk?,英国吗?,0,4,积极,牙买加,Youtube,2023-01-29
请评论区里的台湾同胞不要从讨厌大陆或者cpc的角度批判这个电影，好看就说好看，不好看就说为什么不好看，回归电影本身，这里不是讨论政治的地方，这里是讨论流浪地球电影的地方，想讨论别的麻烦移步,请评论区里的台湾同胞不要从讨厌大陆或者cpc的角度批判这个电影，好看就说好看，不好看就说为什么不好看，回归电影本身，这里不是讨论政治的地方，这里是讨论流浪地球电影的地方，想讨论别的麻烦移步,70,4,积极,中国,Youtube,2023-01-29
垃圾电影,垃圾电影,0,4,消极,中国,Youtube,2023-01-29
确实拍的很棒，比第一部要好，就是前半部感觉节奏快了一些，但是瑕不掩瑜，一部很棒的科幻片，没有个人英雄主义，没有那些扯淡的超能力，有的只是一个个普通人为了保护人类文明在做努力！！让我感觉那些超人还有漫威电影更适合小孩子看。,确实拍的很棒，比第一部要好，就是前半部感觉节奏快了一些，但是瑕不掩瑜，一部很棒的科幻片，没有个人英雄主义，没有那些扯淡的超能力，有的只是一个个普通人为了保护人类文明在做努力！！让我感觉那些超人还有漫威电影更适合小孩子看。,43,4,积极,中国,Youtube,2023-01-29
第一部就是一坨碳水化合物，但是第二部是把里面的碳原子组成碳60，简直像钻石一样闪耀！,第一部就是一坨碳水化合物，但是第二部是把里面的碳原子组成碳60，简直像钻石一样闪耀！,8,4,消极,中国,Youtube,2023-01-29
The wandering earth made me feel that the american superhero films are better for kids. :  ),《流浪地球》让我觉得美国超级英雄电影更适合孩子们看。:),135,4,积极,英国,Youtube,2023-01-29
無廣東話版?,無廣東話版?,0,4,消极,中国,Youtube,2023-01-29
支持中天支持周玉琴支持介大使,支持中天支持周玉琴支持介大使,0,4,积极,中国,Youtube,2023-02-23
流浪地球2,流浪地球2,0,4,积极,中国,Youtube,2023-02-23
說真的 我原不反美 但很這幾年被美國的所作所為 搞到很瞧不起美國,說真的 我原不反美 但很這幾年被美國的所作所為 搞到很瞧不起美國,0,4,积极,中国,Youtube,2023-02-19
流浪地球2》已經不夠看，沒有台灣價值，在台灣菜皇眼中不過尔尔，準備要開拍《移動台灣》綠腦神戰紀，大家等著看吧！,流浪地球2》已經不夠看，沒有台灣價值，在台灣菜皇眼中不過尔尔，準備要開拍《移動台灣》綠腦神戰紀，大家等著看吧！,1,4,消极,中国,Youtube,2023-02-15
没到第一，就还有很大上升空间,没到第一，就还有很大上升空间,0,4,中立,中国,Youtube,2023-02-14
实话实说。。量子技术。。。 美国和俄罗斯 加一起。。也确实比不过中国。。  量子领域，中国 独一档。 其次是美俄一档，英法紧随其后。。 其他的 没差。。,实话实说。。量子技术。。。 美国和俄罗斯 加一起。。也确实比不过中国。。  量子领域，中国 独一档。 其次是美俄一档，英法紧随其后。。 其他的 没差。。,0,4,积极,中国,Youtube,2023-02-13
可惜了，因为意识形态不能看，真心可惜了。,可惜了，因为意识形态不能看，真心可惜了。,0,4,积极,中国,Youtube,2023-02-12
英国一直在加场，已经上映3周了。准备2刷，在IMAX看太空电梯，简直就是breath taking，爽 明白为什么美政府才是好莱芜的老板了，喊10年口号，做10年动员，不如一部优秀的影视作品。这部电影会激励国内大批年轻学子，报考相关专业。会在小朋友心里种下一颗，爱家人爱祖国爱地球爱科技的种子，慢慢,英国一直在加场，已经上映3周了。准备2刷，在IMAX看太空电梯，简直就是breath taking，爽 明白为什么美政府才是好莱芜的老板了，喊10年口号，做10年动员，不如一部优秀的影视作品。这部电影会激励国内大批年轻学子，报考相关专业。会在小朋友心里种下一颗，爱家人爱祖国爱地球爱科技的种子，慢慢,1,4,积极,中国,Youtube,2023-02-12
流浪地球2 中国向全世界宣布中国也能拍出这种级别的科幻片。,流浪地球2 中国向全世界宣布中国也能拍出这种级别的科幻片。,1,4,积极,中国,Youtube,2023-02-12
玉琴,玉琴,0,4,中立,中国,Youtube,2023-02-12
留言的都是死阿陸？？？ 也就這節目的觀眾,留言的都是死阿陸？？？ 也就這節目的觀眾,0,4,消极,中国,Youtube,2023-02-11
我推荐讨厌战狼的人去看这部电影，因为你能看到吴京踢到蛋蛋，还有他被折磨歇斯底里片段。我推荐女权主义的人去看这部电影，因为你能看到女人怎样暴打男人。我推荐喜欢重工业科幻迷去看电影，里面有些科幻画面是科幻电影史首次展现，而且有诺兰科幻电影那种味。看到评论说把美国写成坏人，我只想说，想多了，美国也是主角,我推荐讨厌战狼的人去看这部电影，因为你能看到吴京踢到蛋蛋，还有他被折磨歇斯底里片段。我推荐女权主义的人去看这部电影，因为你能看到女人怎样暴打男人。我推荐喜欢重工业科幻迷去看电影，里面有些科幻画面是科幻电影史首次展现，而且有诺兰科幻电影那种味。看到评论说把美国写成坏人，我只想说，想多了，美国也是主角,1,4,积极,中国,Youtube,2023-02-11
"流浪地球2是頂級大格局科幻片, 荷里活拍不出這么高水平的科幻片","流浪地球2是頂級大格局科幻片, 荷里活拍不出這么高水平的科幻片",2,4,积极,中国,Youtube,2023-02-11
自由世界的幻想，就是好,自由世界的幻想，就是好,0,4,积极,中国,Youtube,2023-02-11
这部电影来自真实的生活，50岁以上的宇航员主动去执行送死任务，这不是戏码，是真实的群众反应，国家一旦需要打仗，45岁至50岁的这些人会主动承担责任，不让20出头的年轻人上，唯一的要求照顾好家小，身居海外也是一召必回，有这样的对手，敢问哪国敢真打？,这部电影来自真实的生活，50岁以上的宇航员主动去执行送死任务，这不是戏码，是真实的群众反应，国家一旦需要打仗，45岁至50岁的这些人会主动承担责任，不让20出头的年轻人上，唯一的要求照顾好家小，身居海外也是一召必回，有这样的对手，敢问哪国敢真打？,0,4,积极,中国,Youtube,2023-02-10
看了流浪地球2和阿凡达2，讲真的阿凡达2不知道在讲些什么，感觉已经进入好莱坞叙事的死胡同了，，，，而流浪地球的这个改编的太成功了,看了流浪地球2和阿凡达2，讲真的阿凡达2不知道在讲些什么，感觉已经进入好莱坞叙事的死胡同了，，，，而流浪地球的这个改编的太成功了,0,4,积极,中国,Youtube,2023-02-09
电影中的外骨骼听说是第三代，大陆最新一代已经是第四代了，电影确实保守了。再拍电影的时候剧组设计出双座版垂发歼20的时候，大陆官方爆出歼20s，剧组都怕自己的近未来科技落后了,电影中的外骨骼听说是第三代，大陆最新一代已经是第四代了，电影确实保守了。再拍电影的时候剧组设计出双座版垂发歼20的时候，大陆官方爆出歼20s，剧组都怕自己的近未来科技落后了,0,4,积极,中国,Youtube,2023-02-09
作为大刘的粉丝，无比佩服他的知识广而专业！好期待这周六全家去看球2！感谢所有买票的人,作为大刘的粉丝，无比佩服他的知识广而专业！好期待这周六全家去看球2！感谢所有买票的人,10,4,积极,中国,Youtube,2023-02-08
本来没什么兴趣的，但看到是刘慈欣创作的，就真的值得去看一看，贡献了5张票，真的值,本来没什么兴趣的，但看到是刘慈欣创作的，就真的值得去看一看，贡献了5张票，真的值,1,4,积极,中国,Youtube,2023-02-08
真的好看！！希望對於好電影，大家可以不帶政治意識形態去欣賞。這裡面全球團結一致的價值觀我很喜歡，love &amp; peace,真的好看！！希望對於好電影，大家可以不帶政治意識形態去欣賞。這裡面全球團結一致的價值觀我很喜歡，love &amp; peace,2,4,积极,中国,Youtube,2023-02-07
美欧可以军事同盟，为何中俄不可以有军事同盟呢？,美欧可以军事同盟，为何中俄不可以有军事同盟呢？,0,4,积极,中国,Youtube,2023-02-06
拜託啦！兩岸別再發生軍事衝突！和平相處和統一才是最好的道路！,拜託啦！兩岸別再發生軍事衝突！和平相處和統一才是最好的道路！,2,4,积极,中国,Youtube,2023-02-06
流浪地球，绝对 哇塞。。。值得看,流浪地球，绝对 哇塞。。。值得看,1,4,积极,中国,Youtube,2023-02-06
拍得太慢了，電影裡很多都已經實現了,拍得太慢了，電影裡很多都已經實現了,0,4,消极,中国,Youtube,2023-02-06
中华文化就有最到最好的文化，什么工匠精神，倭奴跟中国挽鞋资格也没有。看看故宫的国宝，18层象牙球，双面绣，内绘鼻烟壶。。。日本人造得到吗？因为崇祯无能，吴三桂叛国，让蛮族统治中国260年，继位是军阀，日本没有毕业的军校留学生，唉，蹉跎岁月，被视为东亚病夫。幸亏东方红，太阳升，回到过去，恢复辉煌。,中华文化就有最到最好的文化，什么工匠精神，倭奴跟中国挽鞋资格也没有。看看故宫的国宝，18层象牙球，双面绣，内绘鼻烟壶。。。日本人造得到吗？因为崇祯无能，吴三桂叛国，让蛮族统治中国260年，继位是军阀，日本没有毕业的军校留学生，唉，蹉跎岁月，被视为东亚病夫。幸亏东方红，太阳升，回到过去，恢复辉煌。,0,4,积极,中国,Youtube,2023-02-06
球2真的很棒，然后同时推荐给大家 three body 三体电视剧，Youtb上就能看，流浪地球的爸爸级别,球2真的很棒，然后同时推荐给大家 three body 三体电视剧，Youtb上就能看，流浪地球的爸爸级别,3,4,积极,中国,Youtube,2023-02-06
美國人的民主只有投票那一天，其餘的日子是由少數軍工複合體、金融、醫療、媒體等少數人把控，已成為世界的亂源，破壞和平。美國人真正的敵人，不是中國，不是俄羅斯，是美國軍工產業等利益團體,美國人的民主只有投票那一天，其餘的日子是由少數軍工複合體、金融、醫療、媒體等少數人把控，已成為世界的亂源，破壞和平。美國人真正的敵人，不是中國，不是俄羅斯，是美國軍工產業等利益團體,0,4,积极,中国,Youtube,2023-02-06
我看了第三遍了，每次看都有不同和更多的領悟，非常震撼，觀賞度很高,我看了第三遍了，每次看都有不同和更多的領悟，非常震撼，觀賞度很高,4,4,积极,中国,Youtube,2023-02-06
二刷的路过,二刷的路过,1,4,中立,中国,Youtube,2023-02-05
买了十张票了，我已经三刷，也和家人、孩子、同事一起看了。哈哈哈哈 确实不错,买了十张票了，我已经三刷，也和家人、孩子、同事一起看了。哈哈哈哈 确实不错,1,4,积极,中国,Youtube,2023-02-05
科幻片本來就是建立在科學上的想像和假設！這部電影是得到雨果獎的小說家劉慈欣為基礎，球2是1的前傳！電影目前只在英，美，紐澳，中上映！台灣又沒上映，怎麼會看過？講的是太陽風爆，中方負責做行星推動器，把地球推出太陽系！另一派是數字派，讓人類繼續存活下去！,科幻片本來就是建立在科學上的想像和假設！這部電影是得到雨果獎的小說家劉慈欣為基礎，球2是1的前傳！電影目前只在英，美，紐澳，中上映！台灣又沒上映，怎麼會看過？講的是太陽風爆，中方負責做行星推動器，把地球推出太陽系！另一派是數字派，讓人類繼續存活下去！,1,4,消极,中国,Youtube,2023-02-05
台灣有中國人，張忠謀就是在台灣的中國人，在台灣的中國人能力較強，養活了一群自認不是中國人的台灣人,台灣有中國人，張忠謀就是在台灣的中國人，在台灣的中國人能力較強，養活了一群自認不是中國人的台灣人,1,4,积极,中国,Youtube,2023-02-05
俄美相鬥若持久，能拯救俄羅斯的貨幣不會是俄羅斯盧布而是 RMB 。原因是全球國家普遍擁護/接受程度 RMB 比俄羅斯盧布更高。包掛美歐陣營國家都已逐漸接受 RMB 而盧布則被排斥。,俄美相鬥若持久，能拯救俄羅斯的貨幣不會是俄羅斯盧布而是 RMB 。原因是全球國家普遍擁護/接受程度 RMB 比俄羅斯盧布更高。包掛美歐陣營國家都已逐漸接受 RMB 而盧布則被排斥。,2,4,积极,中国,Youtube,2023-02-05
紐時酸言 ：中國邯鄲學步也惹美國人妒忌？,紐時酸言 ：中國邯鄲學步也惹美國人妒忌？,0,4,积极,中国,Youtube,2023-02-05
問君能有幾多愁需要一枝導彈射氣球,問君能有幾多愁需要一枝導彈射氣球,1,4,积极,中国,Youtube,2023-02-05
还好新加坡可以看到嘻嘻,还好新加坡可以看到嘻嘻,0,4,积极,中国,Youtube,2023-02-05
美国对那些可以跟他她竞争的事物都恐惧而排斥！,美国对那些可以跟他她竞争的事物都恐惧而排斥！,1,4,积极,中国,Youtube,2023-02-05
乱解释量子电脑啊,乱解释量子电脑啊,0,4,消极,中国,Youtube,2023-02-05
Who cares about NYT's comment!,谁在乎《纽约时报》的评论!,0,4,积极,爱尔兰,Youtube,2023-02-05
给琴嫂和介大使，亮哥点赞了！,给琴嫂和介大使，亮哥点赞了！,0,4,积极,中国,Youtube,2023-02-04
科幻科幻…就是用科學實現幻想，就電影而已，有什麼好大驚小怪的，那麼美國拍了無數個不切實際的科幻片也沒人說什麼，美國已經進入自我敗亡的進程了，越來越沒自信了，什麼事都會做不好，只要美元霸權減少一半的不正當的收割力量，就會成為一個正常經濟體，該為自己的腐敗負責任，也該學習不自私自利，才能變成人！,科幻科幻…就是用科學實現幻想，就電影而已，有什麼好大驚小怪的，那麼美國拍了無數個不切實際的科幻片也沒人說什麼，美國已經進入自我敗亡的進程了，越來越沒自信了，什麼事都會做不好，只要美元霸權減少一半的不正當的收割力量，就會成為一個正常經濟體，該為自己的腐敗負責任，也該學習不自私自利，才能變成人！,0,4,消极,中国,Youtube,2023-02-04
被叫小破球的原因是，郭帆导演说 贱名好养活,被叫小破球的原因是，郭帆导演说 贱名好养活,0,4,消极,中国,Youtube,2023-02-04
建议大家看 IMAX 视听享受杠杠的，球2属于近年顶级制作了，完全比肩Hollywood大片。期待三体连续影剧搬上荧幕，超越Star wars，复联，变形金钢等鸿篇巨制。相信中国也可以讲好拯救人类，地球的故事，文化输出不输于好莱坞。 想想咱们已经实现了多次登月，有独立的空间站，也能一次成功绕落探M,建议大家看 IMAX 视听享受杠杠的，球2属于近年顶级制作了，完全比肩Hollywood大片。期待三体连续影剧搬上荧幕，超越Star wars，复联，变形金钢等鸿篇巨制。相信中国也可以讲好拯救人类，地球的故事，文化输出不输于好莱坞。 想想咱们已经实现了多次登月，有独立的空间站，也能一次成功绕落探M,2,4,积极,中国,Youtube,2023-02-04
昨天3/Feb/2023 在墨尔本看了，满场，我们一家得分开坐，没位置了。。。,昨天3/Feb/2023 在墨尔本看了，满场，我们一家得分开坐，没位置了。。。,3,4,积极,中国,Youtube,2023-02-04
第二部确实比第一部还要好看,第二部确实比第一部还要好看,3,4,积极,中国,Youtube,2023-02-04
凡事是中國最好的事情，就不好，原因是他是“中國”   歐美在洗腦世界抹黑中國就是阻止中國發展怕中國超越白人,凡事是中國最好的事情，就不好，原因是他是“中國”   歐美在洗腦世界抹黑中國就是阻止中國發展怕中國超越白人,1,4,积极,中国,Youtube,2023-02-04
電影當現實？醒了沒支那賤畜？？？,電影當現實？醒了沒支那賤畜？？？,0,4,消极,中国,Youtube,2023-02-04
刚看完小破球2，真的很好看，港澳台好像2月头上就快上映了吧。,刚看完小破球2，真的很好看，港澳台好像2月头上就快上映了吧。,4,4,消极,中国,Youtube,2023-02-04
中國拍的科技片是能實現的 跟西方拍的科幻片滿滿外星科技差別在  真實跟幻想,中國拍的科技片是能實現的 跟西方拍的科幻片滿滿外星科技差別在  真實跟幻想,1,4,积极,中国,Youtube,2023-02-04
外骨骼的概念在1986年異形2就有了，片尾女主最後就是用它把異形王摔出太空船,外骨骼的概念在1986年異形2就有了，片尾女主最後就是用它把異形王摔出太空船,1,4,积极,中国,Youtube,2023-02-04
其实闪回是跟三体的互动大家互相奔赴，抱头痛哭,其实闪回是跟三体的互动大家互相奔赴，抱头痛哭,0,4,消极,中国,Youtube,2023-07-21
流浪地球是中国第一部真正意义的科幻“大片”,流浪地球是中国第一部真正意义的科幻“大片”,0,4,积极,中国,Youtube,2023-07-15
我喜欢这部电影的一个原因之一，就是“行车不规范，亲人两行泪”这类公益广告植入。。。现在很少人看电视了，而电视、网络平台大多数广告都是商业广告，公益广告很少，而公益广告才是真正对人民素质提升的其中一个途径,我喜欢这部电影的一个原因之一，就是“行车不规范，亲人两行泪”这类公益广告植入。。。现在很少人看电视了，而电视、网络平台大多数广告都是商业广告，公益广告很少，而公益广告才是真正对人民素质提升的其中一个途径,1,4,积极,中国,Youtube,2023-07-08
评论区真搞笑，漫威电影还不是一堆彩蛋和致敬 这就是牧羊犬滤镜？,评论区真搞笑，漫威电影还不是一堆彩蛋和致敬 这就是牧羊犬滤镜？,0,4,积极,中国,Youtube,2023-06-29
EN ESPAÑOL porfavor o en ingles,A ESPAÑOL porfavor o a ingles,0,4,消极,西班牙,Youtube,2023-06-02
全他妈是致敬，全片都致敬就对了,全他妈是致敬，全片都致敬就对了,0,4,积极,中国,Youtube,2023-05-28
牛逼，我是一边重看一边对照。有一个疑问，有人说北京根服务器其实提前十多分钟就恢复了，是MOSS阻断了信号，这个我还没找到点。,牛逼，我是一边重看一边对照。有一个疑问，有人说北京根服务器其实提前十多分钟就恢复了，是MOSS阻断了信号，这个我还没找到点。,0,4,消极,中国,Youtube,2023-05-04
李雪健什麼時侯演過羅輯?,李雪健什麼時侯演過羅輯?,1,4,积极,中国,Youtube,2023-05-02
李雪健版本的罗辑真是传神 ……,李雪健版本的罗辑真是传神 ……,10,4,积极,中国,Youtube,2023-04-26
这些细节总结得真不错~,这些细节总结得真不错~,4,4,积极,中国,Youtube,2023-04-26
可惜了劉老師的好書，拍這種垃圾出來還一堆人護航真的笑死。整這些細節不如把整部劇情拍得更好！,可惜了劉老師的好書，拍這種垃圾出來還一堆人護航真的笑死。整這些細節不如把整部劇情拍得更好！,2,4,积极,中国,Youtube,2023-04-26
不足之处是只能给你一个赞，想多给都没办法,不足之处是只能给你一个赞，想多给都没办法,1,4,中立,中国,Youtube,2023-04-25
谁会吃肉馅月饼，这不跟吃大肉粽子一样么，异类,谁会吃肉馅月饼，这不跟吃大肉粽子一样么，异类,1,4,消极,中国,Youtube,2023-04-25
菜单结尾最后有人敲门，说明在moss里不止有图丫丫和图恒宇，还有第三个人。,菜单结尾最后有人敲门，说明在moss里不止有图丫丫和图恒宇，还有第三个人。,7,4,消极,中国,Youtube,2023-04-23
还有个细节，月球危机的时候，布拉柴维尔的餐厅里面卖的是正宗的兰州拉面,还有个细节，月球危机的时候，布拉柴维尔的餐厅里面卖的是正宗的兰州拉面,3,4,积极,中国,Youtube,2023-04-23
三体电视剧里的那个数学天才好像也是济宁人,三体电视剧里的那个数学天才好像也是济宁人,0,4,消极,中国,Youtube,2023-04-21
辅助机械手，1也有过,辅助机械手，1也有过,0,4,消极,中国,Youtube,2023-04-21
本來就是一部爆米花電影，又沒什麽深度。這些所謂的細節沒意義。你真不如直接說電影還好點！,本來就是一部爆米花電影，又沒什麽深度。這些所謂的細節沒意義。你真不如直接說電影還好點！,1,4,消极,中国,Youtube,2023-04-19
刘培强从月球回到领航员空间站，给儿子打电话后也有一个宇航服上171的画面,刘培强从月球回到领航员空间站，给儿子打电话后也有一个宇航服上171的画面,0,4,消极,中国,Youtube,2023-04-19
我真的不是很懂為什麼幾乎所有電影的開車場景，都要安排演司機的東張西望，尤其是跟副駕駛講話的時候硬是要把頭轉過去講,我真的不是很懂為什麼幾乎所有電影的開車場景，都要安排演司機的東張西望，尤其是跟副駕駛講話的時候硬是要把頭轉過去講,1,4,积极,中国,Youtube,2023-04-18
上线了？,上线了？,0,4,消极,中国,Youtube,2023-04-18
下个星期就考试了但是还是没忍住又重看了一遍,下个星期就考试了但是还是没忍住又重看了一遍,5,4,消极,中国,Youtube,2023-04-18
